OrderID,OrderDate,CustomerID,ProductID,QuantitySold,UnitPrice,Discount,CostPerUnit,TotalSales,TotalCost,Profit,Country,Region,SalesChannel
1,2020-08-16,103,40,15,193.71,0.01,108.53,2876.5935,1627.95,1248.6435,Brazil,South America,B2B
2,2020-02-21,180,83,16,172.09,0.11,144.67,2450.5616,2314.72,135.8416000000002,China,Asia,B2B
3,2021-07-17,93,42,1,27.94,0.0,25.05,27.94,25.05,2.8900000000000006,China,Asia,B2B
4,2021-05-16,15,41,10,149.25,0.02,118.02,1462.6499999999999,1180.2,282.4499999999998,India,Asia,B2B
5,2021-04-02,107,6,8,67.34,0.27,54.81,393.2656,438.48,-45.21440000000001,Brazil,South America,B2B
6,2020-10-12,72,52,18,197.74,0.11,177.52,3167.7948,3195.36,-27.565200000000004,China,Asia,B2B
7,2020-07-28,189,26,1,99.65,0.13,73.96,86.69550000000001,73.96,12.735500000000016,USA,North America,B2B
8,2020-06-27,21,64,2,28.87,0.06,17.99,54.2756,35.98,18.2956,Germany,Europe,B2B
9,2022-05-14,103,98,1,146.41,0.18,122.25,120.0562,122.25,-2.193799999999996,Brazil,South America,B2B
10,2020-03-06,122,59,1,67.99,0.18,50.71,55.7518,50.71,5.041800000000002,USA,North America,B2B
11,2020-03-02,75,56,9,199.43,0.11,146.08,1597.4343000000001,1314.72,282.7143000000001,India,Asia,B2B
12,2020-07-10,88,59,13,196.06,0.1,117.92,2293.902,1532.96,760.942,India,Asia,B2B
13,2021-03-23,117,70,1,132.95,0.27,106.7,97.05349999999999,106.7,-9.646500000000017,China,Asia,B2B
14,2021-04-21,100,33,13,30.32,0.11,16.15,350.80240000000003,209.95,140.85240000000005,India,Asia,B2B
15,2022-10-31,104,53,7,138.94,0.15,120.84,826.6929999999999,845.88,-19.187000000000126,Germany,Europe,B2C
16,2020-02-24,152,22,2,23.14,0.08,14.59,42.577600000000004,29.18,13.397600000000004,USA,North America,B2C
17,2021-02-11,131,21,6,10.73,0.24,5.91,48.928799999999995,35.46,13.468799999999995,Brazil,South America,B2C
18,2022-05-09,150,70,7,165.48,0.12,112.02,1019.3567999999999,784.14,235.21679999999992,China,Asia,B2B
19,2021-03-27,53,70,14,45.9,0.15,23.73,546.21,332.22,213.99,Brazil,South America,B2C
20,2022-07-08,2,4,18,78.91,0.08,61.06,1306.7495999999999,1099.08,207.66959999999995,USA,North America,B2C
21,2021-07-23,88,94,15,194.82,0.3,167.76,2045.6099999999997,2516.3999999999996,-470.78999999999996,Germany,Europe,B2B
22,2020-01-14,158,75,2,70.68,0.09,59.01,128.63760000000002,118.02,10.617600000000024,USA,North America,B2B
23,2020-11-22,38,62,10,62.82,0.23,34.61,483.71400000000006,346.1,137.61400000000003,USA,North America,B2C
24,2022-05-15,130,62,12,184.05,0.13,101.32,1921.4820000000002,1215.84,705.6420000000003,China,Asia,B2B
25,2021-11-27,192,94,17,26.6,0.06,21.95,425.06800000000004,373.15,51.91800000000006,Brazil,South America,B2B
26,2021-07-23,188,95,8,153.12,0.24,133.17,930.9696,1065.36,-134.3903999999999,USA,North America,B2C
27,2020-11-14,21,24,11,197.67,0.1,135.26,1956.933,1487.86,469.0730000000001,USA,North America,B2C
28,2021-03-16,161,55,3,180.75,0.26,126.45,401.265,379.35,21.914999999999964,Germany,Europe,B2B
29,2021-11-20,58,9,6,132.08,0.27,82.85,578.5104,497.09999999999997,81.41040000000004,India,Asia,B2B
30,2020-07-28,22,3,9,66.24,0.26,56.81,441.1584,511.29,-70.13160000000005,Germany,Europe,B2B
31,2020-07-08,89,31,6,54.59,0.01,41.38,324.26460000000003,248.28000000000003,75.9846,Brazil,South America,B2C
32,2022-02-17,49,40,9,164.75,0.24,101.37,1126.89,912.33,214.56000000000006,Brazil,South America,B2B
33,2020-07-17,59,36,7,176.57,0.12,109.39,1087.6712,765.73,321.9412,China,Asia,B2B
34,2022-01-05,170,24,9,107.46,0.26,92.04,715.6836,828.36,-112.67640000000006,India,Asia,B2C
35,2021-12-05,188,95,18,52.65,0.19,26.61,767.637,478.98,288.6569999999999,Brazil,South America,B2B
36,2021-06-25,15,6,12,27.02,0.25,17.0,243.18,204.0,39.18000000000001,India,Asia,B2C
37,2020-03-29,190,66,8,22.0,0.15,15.88,149.6,127.04,22.559999999999988,Germany,Europe,B2B
38,2022-07-29,190,84,8,145.22,0.16,81.22,975.8783999999999,649.76,326.11839999999995,Brazil,South America,B2B
39,2020-09-12,175,92,18,86.92,0.04,46.66,1501.9776,839.8799999999999,662.0976,USA,North America,B2C
40,2022-02-14,190,75,15,181.55,0.24,149.98,2069.67,2249.7,-180.02999999999975,Brazil,South America,B2B
41,2020-06-10,51,4,7,149.24,0.13,128.01,908.8716000000001,896.0699999999999,12.801600000000121,India,Asia,B2B
42,2021-08-23,108,79,11,42.3,0.15,35.09,395.50499999999994,385.99,9.51499999999993,Brazil,South America,B2B
43,2022-01-10,55,6,16,124.69,0.24,107.17,1516.2304,1714.72,-198.4896000000001,China,Asia,B2C
44,2021-01-28,64,94,4,89.92,0.18,64.85,294.93760000000003,259.4,35.537600000000054,USA,North America,B2C
45,2020-05-22,131,51,6,117.56,0.06,96.98,663.0384,581.88,81.15840000000003,China,Asia,B2C
46,2020-04-03,51,62,3,148.92,0.18,97.34,366.3432,292.02,74.32320000000004,Germany,Europe,B2B
47,2021-04-11,135,57,9,162.21,0.12,124.34,1284.7032000000002,1119.06,165.6432000000002,Brazil,South America,B2B
48,2021-08-15,21,66,10,169.53,0.14,151.82,1457.9579999999999,1518.1999999999998,-60.24199999999996,Brazil,South America,B2B
49,2020-06-12,73,79,14,54.53,0.01,32.19,755.7858000000001,450.65999999999997,305.12580000000014,Germany,Europe,B2C
50,2021-04-21,167,75,11,11.07,0.06,7.26,114.4638,79.86,34.60380000000001,China,Asia,B2B
51,2020-07-25,18,8,18,149.16,0.08,103.22,2470.0896000000002,1857.96,612.1296000000002,USA,North America,B2C
52,2022-02-17,132,26,12,25.74,0.21,14.29,244.01520000000002,171.48,72.53520000000003,China,Asia,B2B
53,2021-07-23,89,51,12,66.41,0.0,35.36,796.92,424.32,372.59999999999997,India,Asia,B2C
54,2022-07-17,60,45,13,5.74,0.12,4.78,65.6656,62.14,3.525599999999997,China,Asia,B2C
55,2022-01-17,14,44,13,137.93,0.28,122.86,1291.0248000000001,1597.18,-306.1551999999999,USA,North America,B2C
56,2020-11-29,9,5,19,37.59,0.03,24.88,692.7837000000001,472.71999999999997,220.0637000000001,Brazil,South America,B2B
57,2022-01-28,90,70,19,132.78,0.15,71.05,2144.397,1349.95,794.4469999999999,China,Asia,B2B
58,2021-12-28,53,26,14,198.39,0.24,104.42,2110.8696,1461.88,648.9895999999999,Germany,Europe,B2B
59,2021-03-05,130,68,4,19.17,0.28,16.42,55.2096,65.68,-10.470400000000005,USA,North America,B2B
60,2021-06-30,84,19,13,20.03,0.22,13.73,203.1042,178.49,24.614199999999983,Brazil,South America,B2B
61,2020-05-26,92,84,8,71.37,0.22,44.82,445.34880000000004,358.56,86.78880000000004,USA,North America,B2B
62,2020-12-16,111,97,19,173.95,0.25,120.13,2478.7875,2282.47,196.3175000000001,Germany,Europe,B2B
63,2022-12-29,188,20,12,47.03,0.13,29.5,490.9932,354.0,136.9932,India,Asia,B2C
64,2021-05-16,199,12,18,75.27,0.24,52.36,1029.6935999999998,942.48,87.21359999999981,USA,North America,B2C
65,2020-11-30,172,47,6,18.36,0.0,15.49,110.16,92.94,17.22,USA,North America,B2B
66,2022-08-04,8,1,18,153.82,0.28,113.35,1993.5071999999998,2040.3,-46.79280000000017,China,Asia,B2C
67,2022-02-16,175,90,19,84.62,0.13,65.82,1398.7686,1250.58,148.18860000000018,Germany,Europe,B2B
68,2021-07-06,35,14,5,153.05,0.17,98.85,635.1574999999999,494.25,140.9074999999999,Germany,Europe,B2B
69,2021-03-25,81,64,9,181.2,0.08,144.13,1500.336,1297.17,203.16599999999994,India,Asia,B2B
70,2021-10-26,164,38,3,50.39,0.22,38.63,117.91260000000001,115.89000000000001,2.022599999999997,Germany,Europe,B2C
71,2020-04-24,50,37,10,162.44,0.02,88.99,1591.912,889.9,702.0120000000001,USA,North America,B2B
72,2021-04-14,104,11,19,16.52,0.26,12.04,232.2712,228.76,3.5112000000000023,India,Asia,B2B
73,2020-03-06,132,100,3,180.28,0.25,108.65,405.63,325.95000000000005,79.67999999999995,Germany,Europe,B2C
74,2021-10-08,2,77,15,131.9,0.06,108.37,1859.79,1625.5500000000002,234.23999999999978,India,Asia,B2B
75,2022-04-01,134,3,1,175.47,0.24,117.63,133.3572,117.63,15.72720000000001,Germany,Europe,B2C
76,2021-07-02,54,33,7,5.04,0.24,4.53,26.812800000000003,31.71,-4.897199999999998,Germany,Europe,B2C
77,2020-05-15,106,6,12,37.97,0.19,20.39,369.0684,244.68,124.38839999999999,China,Asia,B2C
78,2021-03-08,4,50,17,81.0,0.11,65.78,1225.53,1118.26,107.26999999999998,Germany,Europe,B2B
79,2021-10-06,54,10,5,79.0,0.08,60.79,363.40000000000003,303.95,59.450000000000045,India,Asia,B2B
80,2021-03-11,191,5,4,49.21,0.07,39.71,183.06119999999999,158.84,24.221199999999982,USA,North America,B2B
81,2022-10-19,146,23,12,79.41,0.1,49.47,857.6279999999999,593.64,263.98799999999994,China,Asia,B2B
82,2022-03-21,44,10,18,30.13,0.27,21.0,395.9082,378.0,17.908200000000022,Germany,Europe,B2B
83,2022-07-28,162,44,17,85.49,0.02,69.98,1424.2633999999998,1189.66,234.60339999999974,Germany,Europe,B2B
84,2020-10-19,190,2,19,161.46,0.25,95.75,2300.8050000000003,1819.25,481.5550000000003,India,Asia,B2C
85,2021-06-26,14,13,9,98.42,0.1,58.11,797.202,522.99,274.212,China,Asia,B2C
86,2020-10-12,95,40,4,8.51,0.16,6.13,28.5936,24.52,4.073599999999999,Germany,Europe,B2B
87,2021-05-20,48,2,2,87.18,0.24,61.85,132.51360000000003,123.7,8.813600000000022,USA,North America,B2B
88,2021-06-22,15,84,4,10.3,0.27,6.31,30.076,25.24,4.836000000000002,USA,North America,B2B
89,2022-05-27,200,65,2,193.42,0.1,119.77,348.156,239.54,108.61600000000001,Germany,Europe,B2B
90,2022-03-28,190,63,15,29.85,0.14,18.24,385.065,273.59999999999997,111.46500000000003,USA,North America,B2C
91,2022-01-11,40,73,2,143.0,0.12,115.63,251.68,231.26,20.420000000000016,China,Asia,B2C
92,2021-03-25,82,17,4,194.69,0.0,148.11,778.76,592.44,186.31999999999994,Germany,Europe,B2C
93,2020-10-10,111,9,6,166.08,0.09,138.34,906.7968000000001,830.04,76.75680000000011,India,Asia,B2C
94,2022-11-09,53,75,7,141.37,0.14,125.85,851.0474,880.9499999999999,-29.902599999999893,China,Asia,B2B
95,2022-10-07,24,15,10,168.69,0.12,116.34,1484.472,1163.4,321.0719999999999,USA,North America,B2C
96,2020-07-05,154,24,19,196.45,0.22,103.47,2911.3889999999997,1965.93,945.4589999999996,Germany,Europe,B2B
97,2020-04-06,188,38,19,126.16,0.12,65.51,2109.3952,1244.69,864.7051999999999,China,Asia,B2B
98,2020-08-12,124,35,12,114.04,0.15,70.51,1163.208,846.1200000000001,317.08799999999997,USA,North America,B2B
99,2020-11-09,41,94,3,127.51,0.13,111.32,332.8011,333.96,-1.15889999999996,Germany,Europe,B2B
100,2020-11-23,157,95,13,108.87,0.22,77.22,1103.9418,1003.86,100.08180000000004,Brazil,South America,B2B
101,2022-05-14,15,49,18,128.84,0.26,78.43,1716.1488,1411.7400000000002,304.4087999999997,India,Asia,B2B
102,2020-05-10,45,69,8,92.72,0.16,61.16,623.0784,489.28,133.79840000000002,USA,North America,B2C
103,2022-02-27,65,62,15,47.6,0.24,35.2,542.64,528.0,14.639999999999986,USA,North America,B2B
104,2022-02-20,89,60,1,28.45,0.09,21.66,25.8895,21.66,4.229500000000002,Brazil,South America,B2B
105,2022-08-16,71,50,3,18.33,0.16,10.29,46.191599999999994,30.869999999999997,15.321599999999997,Brazil,South America,B2B
106,2022-12-19,9,78,8,56.35,0.1,50.2,405.72,401.6,4.1200000000000045,China,Asia,B2C
107,2021-05-29,88,75,4,13.99,0.12,10.04,49.2448,40.16,9.084800000000001,India,Asia,B2B
108,2020-01-24,129,9,16,115.6,0.22,64.07,1442.6879999999999,1025.12,417.568,India,Asia,B2C
109,2020-08-22,136,34,10,60.35,0.26,51.75,446.59,517.5,-70.91000000000003,USA,North America,B2C
110,2021-06-30,63,76,12,165.78,0.04,87.84,1909.7856000000002,1054.08,855.7056000000002,Brazil,South America,B2B
111,2021-11-27,139,99,14,19.48,0.19,16.81,220.90320000000003,235.33999999999997,-14.436799999999948,India,Asia,B2C
112,2020-08-16,81,35,14,49.14,0.17,44.16,571.0068,618.24,-47.23320000000001,Germany,Europe,B2B
113,2021-08-24,136,1,2,147.4,0.04,115.0,283.008,230.0,53.00799999999998,India,Asia,B2B
114,2022-06-09,163,40,5,121.77,0.06,98.41,572.319,492.04999999999995,80.269,USA,North America,B2C
115,2020-11-19,163,64,5,17.58,0.09,11.16,79.98899999999999,55.8,24.188999999999993,India,Asia,B2B
116,2022-07-18,33,22,6,176.06,0.05,154.34,1003.542,926.04,77.50200000000007,China,Asia,B2B
117,2020-01-07,123,60,13,176.07,0.07,125.34,2128.6863,1629.42,499.2662999999998,Brazil,South America,B2B
118,2021-06-23,5,64,9,69.43,0.08,55.05,574.8804000000001,495.45,79.43040000000013,USA,North America,B2B
119,2022-10-22,41,93,15,71.38,0.1,62.08,963.6299999999999,931.1999999999999,32.42999999999995,USA,North America,B2C
120,2020-12-31,28,72,14,197.86,0.22,176.11,2160.6312000000003,2465.54,-304.9087999999997,Brazil,South America,B2B
121,2022-11-05,135,11,7,127.1,0.17,105.91,738.4509999999999,741.37,-2.9190000000000964,Brazil,South America,B2C
122,2020-08-05,72,14,2,108.61,0.3,67.47,152.054,134.94,17.114000000000004,Brazil,South America,B2B
123,2021-09-03,12,60,7,168.44,0.12,149.34,1037.5904,1045.38,-7.789600000000064,USA,North America,B2C
124,2022-11-05,162,30,6,60.63,0.23,45.55,280.11060000000003,273.29999999999995,6.810600000000079,Brazil,South America,B2B
125,2021-02-11,33,35,17,88.69,0.26,77.36,1115.7202,1315.12,-199.3997999999999,Brazil,South America,B2B
126,2020-11-09,48,85,2,57.22,0.2,44.08,91.552,88.16,3.39200000000001,USA,North America,B2C
127,2022-02-04,151,37,3,158.89,0.12,98.97,419.46959999999996,296.90999999999997,122.55959999999999,USA,North America,B2B
128,2020-11-26,62,5,5,116.8,0.23,75.69,449.68,378.45,71.23000000000002,China,Asia,B2B
129,2022-12-22,37,83,5,133.47,0.06,96.12,627.309,480.6,146.70899999999995,India,Asia,B2B
130,2020-01-02,99,78,1,54.2,0.1,44.23,48.78,44.23,4.550000000000004,Germany,Europe,B2C
131,2021-10-25,172,26,8,47.94,0.16,30.07,322.1568,240.56,81.59679999999997,USA,North America,B2B
132,2022-09-27,104,62,12,100.23,0.17,73.36,998.2908,880.3199999999999,117.97080000000005,Germany,Europe,B2C
133,2020-02-09,35,4,4,148.83,0.01,94.99,589.3668,379.96,209.40680000000003,China,Asia,B2B
134,2020-08-17,193,89,13,107.42,0.28,88.76,1005.4512,1153.88,-148.42880000000014,India,Asia,B2B
135,2022-01-13,101,42,15,11.37,0.21,7.81,134.7345,117.14999999999999,17.584500000000006,India,Asia,B2C
136,2021-09-21,175,89,11,174.37,0.15,92.54,1630.3595,1017.94,612.4195,India,Asia,B2C
137,2021-05-05,131,18,10,17.61,0.28,9.97,126.79199999999999,99.7,27.091999999999985,China,Asia,B2C
138,2020-04-28,1,40,3,191.39,0.13,100.37,499.5279,301.11,198.41789999999997,Brazil,South America,B2C
139,2021-05-08,5,72,14,9.9,0.29,6.93,98.40599999999999,97.02,1.3859999999999957,India,Asia,B2B
140,2020-06-10,142,39,16,140.42,0.15,76.18,1909.7119999999998,1218.88,690.8319999999997,India,Asia,B2B
141,2020-06-24,103,14,10,21.03,0.03,11.48,203.991,114.80000000000001,89.191,China,Asia,B2B
142,2022-09-22,27,32,10,182.58,0.23,160.02,1405.8660000000002,1600.2,-194.33399999999983,Brazil,South America,B2C
143,2020-05-21,137,51,12,95.56,0.2,81.14,917.3760000000001,973.6800000000001,-56.303999999999974,India,Asia,B2C
144,2022-12-26,15,38,9,31.82,0.23,21.66,220.5126,194.94,25.572599999999994,India,Asia,B2B
145,2020-09-14,90,97,1,71.46,0.29,63.91,50.736599999999996,63.91,-13.1734,Brazil,South America,B2B
146,2020-09-19,42,23,5,37.14,0.23,18.57,142.989,92.85,50.13900000000001,USA,North America,B2B
147,2022-08-31,124,63,8,38.26,0.18,28.53,250.9856,228.24,22.745599999999996,USA,North America,B2C
148,2020-12-04,179,15,11,189.88,0.26,141.76,1545.6231999999998,1559.36,-13.73680000000013,India,Asia,B2B
149,2021-06-26,63,97,12,91.82,0.2,62.71,881.472,752.52,128.952,Germany,Europe,B2B
150,2022-12-16,96,25,1,158.82,0.12,104.63,139.7616,104.63,35.13159999999999,Brazil,South America,B2B
151,2022-05-16,52,17,11,129.72,0.27,88.49,1041.6516,973.39,68.26159999999993,Brazil,South America,B2C
152,2021-03-09,96,97,5,136.9,0.07,91.17,636.5849999999999,455.85,180.7349999999999,Germany,Europe,B2C
153,2021-02-15,132,66,15,30.68,0.21,24.3,363.558,364.5,-0.9420000000000073,Brazil,South America,B2C
154,2021-09-30,151,78,5,50.67,0.26,28.08,187.479,140.39999999999998,47.079000000000036,China,Asia,B2B
155,2022-03-28,143,53,12,158.42,0.22,91.73,1482.8112,1100.76,382.0512000000001,Brazil,South America,B2B
156,2022-02-03,171,51,5,194.3,0.21,111.18,767.485,555.9000000000001,211.58499999999992,Brazil,South America,B2C
157,2022-06-16,29,39,17,56.22,0.23,34.01,735.9198,578.17,157.74980000000005,Brazil,South America,B2C
158,2022-11-25,36,51,17,57.96,0.14,41.16,847.3752000000001,699.7199999999999,147.65520000000015,USA,North America,B2B
159,2022-07-13,13,70,12,97.21,0.26,52.93,863.2248,635.16,228.0648,China,Asia,B2B
160,2020-09-04,160,6,15,196.85,0.06,166.78,2775.585,2501.7,273.8850000000002,Brazil,South America,B2B
161,2021-05-22,71,67,15,57.45,0.04,35.56,827.28,533.4000000000001,293.8799999999999,China,Asia,B2B
162,2021-04-05,187,7,6,84.36,0.09,47.66,460.6056,285.96,174.6456,China,Asia,B2C
163,2020-05-11,86,51,12,178.84,0.16,137.75,1802.7071999999998,1653.0,149.70719999999983,China,Asia,B2B
164,2021-11-23,28,72,18,5.57,0.15,2.87,85.221,51.660000000000004,33.561,Germany,Europe,B2B
165,2020-02-13,66,42,14,12.75,0.25,9.54,133.875,133.56,0.3149999999999977,Brazil,South America,B2B
166,2021-04-16,170,64,2,122.79,0.12,95.69,216.1104,191.38,24.730400000000003,USA,North America,B2B
167,2021-03-27,45,15,9,181.94,0.15,106.61,1391.841,959.49,432.3509999999999,USA,North America,B2B
168,2020-01-15,62,29,5,51.58,0.0,26.66,257.9,133.3,124.59999999999997,USA,North America,B2B
169,2020-05-25,185,33,1,96.58,0.12,62.34,84.9904,62.34,22.65039999999999,USA,North America,B2B
170,2020-04-30,134,94,3,92.84,0.19,50.08,225.6012,150.24,75.3612,Brazil,South America,B2C
171,2021-04-13,28,27,6,97.23,0.0,53.15,583.38,318.9,264.48,USA,North America,B2B
172,2020-05-18,28,36,5,126.39,0.08,76.05,581.3940000000001,380.25,201.14400000000012,China,Asia,B2B
173,2020-03-05,108,29,5,96.6,0.06,59.72,454.02,298.6,155.41999999999996,Germany,Europe,B2C
174,2021-11-07,44,38,1,92.26,0.01,65.69,91.3374,65.69,25.647400000000005,India,Asia,B2C
175,2020-05-25,84,57,17,97.49,0.14,75.2,1425.3038,1278.4,146.90379999999982,USA,North America,B2C
176,2022-11-18,30,97,19,120.22,0.05,88.62,2169.9709999999995,1683.7800000000002,486.19099999999935,India,Asia,B2B
177,2021-05-02,190,27,14,109.72,0.22,61.37,1198.1424,859.18,338.9624,India,Asia,B2B
178,2021-07-24,75,55,12,171.56,0.25,97.59,1544.0400000000002,1171.08,372.96000000000026,India,Asia,B2B
179,2022-09-21,128,33,10,14.65,0.16,12.47,123.06,124.7,-1.6400000000000006,China,Asia,B2B
180,2021-03-14,92,68,18,167.5,0.29,121.16,2140.65,2180.88,-40.23000000000002,USA,North America,B2B
181,2020-09-27,190,86,11,169.57,0.14,143.79,1604.1322,1581.6899999999998,22.442200000000184,Brazil,South America,B2C
182,2022-08-26,129,66,2,60.56,0.15,39.28,102.952,78.56,24.391999999999996,China,Asia,B2B
183,2021-05-12,121,10,18,95.26,0.3,71.04,1200.276,1278.72,-78.44399999999996,Brazil,South America,B2B
184,2022-08-26,27,5,7,90.52,0.07,64.22,589.2851999999999,449.53999999999996,139.74519999999995,USA,North America,B2B
185,2022-04-13,190,74,15,47.61,0.28,29.88,514.188,448.2,65.988,China,Asia,B2B
186,2021-01-24,121,97,11,82.38,0.01,56.67,897.1181999999999,623.37,273.7481999999999,India,Asia,B2C
187,2020-07-12,116,38,18,13.66,0.13,9.58,213.91559999999998,172.44,41.475599999999986,China,Asia,B2B
188,2020-07-17,3,13,12,59.18,0.02,34.34,695.9567999999999,412.08000000000004,283.8767999999999,China,Asia,B2C
189,2022-06-01,103,31,6,164.25,0.22,102.82,768.69,616.92,151.7700000000001,USA,North America,B2C
190,2021-12-26,198,47,13,60.49,0.18,49.39,644.8234000000001,642.07,2.753400000000056,India,Asia,B2B
191,2022-05-17,200,100,16,164.55,0.21,142.55,2079.9120000000003,2280.8,-200.88799999999992,India,Asia,B2B
192,2022-04-21,155,88,18,108.66,0.11,69.97,1740.7332,1259.46,481.27319999999986,Germany,Europe,B2C
193,2022-08-14,137,52,10,176.57,0.11,109.97,1571.473,1099.7,471.7729999999999,Germany,Europe,B2C
194,2020-04-20,62,56,8,117.08,0.01,67.68,927.2736,541.44,385.83359999999993,Brazil,South America,B2B
195,2020-07-20,165,15,18,10.79,0.1,8.32,174.79799999999997,149.76,25.037999999999982,Germany,Europe,B2C
196,2020-05-04,51,29,1,136.71,0.28,86.02,98.4312,86.02,12.411200000000008,USA,North America,B2B
197,2022-04-04,172,8,8,13.75,0.11,12.31,97.9,98.48,-0.5799999999999983,China,Asia,B2C
198,2021-11-25,152,5,6,92.87,0.25,58.53,417.915,351.18,66.73500000000001,India,Asia,B2B
199,2020-08-11,59,29,5,186.24,0.25,122.48,698.4000000000001,612.4,86.00000000000011,China,Asia,B2B
200,2021-05-24,118,47,15,37.21,0.11,27.59,496.7535,413.85,82.90349999999995,USA,North America,B2C
201,2021-01-27,160,68,15,81.03,0.19,66.5,984.5145000000001,997.5,-12.985499999999888,China,Asia,B2B
202,2021-01-24,96,76,2,147.32,0.03,101.33,285.8008,202.66,83.14079999999998,India,Asia,B2B
203,2022-07-07,180,45,1,177.04,0.03,118.45,171.72879999999998,118.45,53.278799999999976,Germany,Europe,B2B
204,2020-10-14,113,2,11,135.83,0.01,122.01,1479.1887000000002,1342.1100000000001,137.07870000000003,Brazil,South America,B2C
205,2022-05-14,62,27,10,55.34,0.17,27.9,459.32200000000006,279.0,180.32200000000006,India,Asia,B2C
206,2021-01-10,186,95,18,136.55,0.13,117.16,2138.373,2108.88,29.492999999999938,India,Asia,B2C
207,2021-07-24,52,36,18,62.86,0.16,35.18,950.4431999999999,633.24,317.2031999999999,India,Asia,B2B
208,2022-08-05,12,36,17,145.09,0.16,118.16,2071.8852,2008.72,63.16520000000014,India,Asia,B2C
209,2021-05-26,39,26,8,191.04,0.11,142.74,1360.2048,1141.92,218.2847999999999,USA,North America,B2B
210,2020-06-03,130,43,15,145.67,0.2,92.75,1748.04,1391.25,356.78999999999996,India,Asia,B2B
211,2022-06-26,131,27,8,173.26,0.23,147.19,1067.2816,1177.52,-110.23839999999996,China,Asia,B2C
212,2020-07-19,113,69,17,5.41,0.0,2.73,91.97,46.41,45.56,USA,North America,B2B
213,2020-04-13,101,20,12,144.93,0.06,85.61,1634.8104,1027.32,607.4904000000001,Germany,Europe,B2B
214,2020-01-31,113,11,8,166.77,0.21,121.2,1053.9864,969.6,84.38639999999998,China,Asia,B2B
215,2020-07-10,184,74,14,12.91,0.12,8.27,159.05120000000002,115.78,43.27120000000002,China,Asia,B2B
216,2021-04-29,81,38,4,174.96,0.2,130.2,559.8720000000001,520.8,39.072000000000116,China,Asia,B2C
217,2020-12-06,187,6,1,55.06,0.1,28.06,49.554,28.06,21.494000000000003,China,Asia,B2B
218,2022-04-12,113,72,1,134.73,0.12,73.64,118.5624,73.64,44.922399999999996,USA,North America,B2C
219,2022-09-21,2,23,19,161.07,0.05,88.72,2907.3134999999997,1685.68,1221.6334999999997,Germany,Europe,B2B
220,2022-09-12,130,47,16,134.22,0.08,77.27,1975.7184,1236.32,739.3984,Germany,Europe,B2B
221,2021-03-13,54,90,14,23.0,0.18,15.73,264.04,220.22,43.82000000000002,India,Asia,B2B
222,2022-04-01,87,46,16,121.28,0.13,97.13,1688.2176,1554.08,134.13760000000002,Brazil,South America,B2C
223,2020-04-30,129,12,5,112.17,0.23,96.71,431.85450000000003,483.54999999999995,-51.695499999999925,USA,North America,B2C
224,2020-12-03,147,90,9,180.56,0.26,150.61,1202.5295999999998,1355.4900000000002,-152.9604000000004,Germany,Europe,B2C
225,2022-02-15,126,13,2,83.83,0.16,48.52,140.8344,97.04,43.79439999999998,USA,North America,B2C
226,2020-01-05,130,62,18,67.61,0.23,45.74,937.0746,823.32,113.75459999999998,USA,North America,B2B
227,2022-03-10,53,82,6,151.22,0.09,87.67,825.6612,526.02,299.6412,India,Asia,B2C
228,2021-06-27,172,89,9,85.47,0.12,51.78,676.9224,466.02,210.90240000000006,Germany,Europe,B2C
229,2022-07-20,160,97,1,130.99,0.21,91.88,103.48210000000002,91.88,11.602100000000021,Brazil,South America,B2C
230,2021-08-07,198,60,9,131.06,0.12,69.1,1037.9952,621.9,416.0952000000001,Brazil,South America,B2B
231,2022-05-16,160,43,16,178.17,0.18,104.63,2337.5904,1674.08,663.5104000000001,Brazil,South America,B2B
232,2022-09-23,68,76,13,121.75,0.06,106.43,1487.7849999999999,1383.5900000000001,104.19499999999971,China,Asia,B2C
233,2020-11-13,183,100,9,102.92,0.18,70.65,759.5496,635.85,123.69960000000003,Germany,Europe,B2C
234,2021-01-23,184,68,13,32.08,0.26,21.76,308.60959999999994,282.88,25.729599999999948,China,Asia,B2B
235,2021-08-30,123,5,9,27.57,0.26,13.95,183.6162,125.55,58.066199999999995,China,Asia,B2C
236,2021-03-21,145,37,11,35.09,0.22,21.02,301.0722,231.22,69.85220000000001,China,Asia,B2C
237,2020-04-29,38,72,4,38.51,0.22,32.6,120.1512,130.4,-10.248800000000003,India,Asia,B2B
238,2020-05-04,24,92,2,129.39,0.17,73.22,214.78739999999996,146.44,68.34739999999996,India,Asia,B2C
239,2021-10-04,69,31,6,149.49,0.18,99.57,735.4908000000001,597.42,138.0708000000002,USA,North America,B2B
240,2020-04-27,116,9,14,108.35,0.04,54.8,1456.2239999999997,767.1999999999999,689.0239999999998,USA,North America,B2B
241,2020-04-12,98,51,4,166.66,0.13,115.22,579.9768,460.88,119.09680000000003,Germany,Europe,B2B
242,2022-09-03,198,29,6,198.3,0.14,100.82,1023.2280000000002,604.92,418.3080000000002,Germany,Europe,B2B
243,2022-10-26,139,78,19,164.9,0.29,136.51,2224.5009999999997,2593.6899999999996,-369.18899999999985,India,Asia,B2C
244,2022-12-23,144,40,6,140.5,0.13,116.61,733.41,699.66,33.75,USA,North America,B2B
245,2020-11-18,97,41,2,108.84,0.16,88.72,182.8512,177.44,5.411200000000008,USA,North America,B2B
246,2020-04-26,124,86,18,92.53,0.16,56.75,1399.0536,1021.5,377.55359999999996,China,Asia,B2B
247,2022-11-06,187,11,13,21.46,0.19,17.92,225.97380000000004,232.96000000000004,-6.986199999999997,Brazil,South America,B2B
248,2020-06-13,70,23,9,82.88,0.22,59.44,581.8176,534.96,46.857599999999934,Brazil,South America,B2B
249,2021-01-15,93,1,19,182.48,0.07,118.53,3224.4215999999997,2252.07,972.3515999999995,Brazil,South America,B2C
250,2020-05-20,3,46,13,162.56,0.16,121.94,1775.1552000000001,1585.22,189.93520000000012,India,Asia,B2B
251,2020-05-19,148,21,11,47.13,0.25,23.8,388.82250000000005,261.8,127.02250000000004,Brazil,South America,B2C
252,2021-04-26,187,90,1,95.99,0.14,53.48,82.5514,53.48,29.071400000000004,Brazil,South America,B2C
253,2022-04-06,164,36,7,164.26,0.08,130.9,1057.8344,916.3000000000001,141.5343999999999,China,Asia,B2B
254,2020-09-02,147,54,15,18.14,0.2,10.84,217.68000000000004,162.6,55.08000000000004,Germany,Europe,B2C
255,2021-05-19,90,87,1,80.54,0.25,59.54,60.405,59.54,0.865000000000002,India,Asia,B2B
256,2020-03-22,195,57,12,171.11,0.02,111.91,2012.2536000000002,1342.92,669.3336000000002,USA,North America,B2B
257,2020-06-16,147,1,7,83.76,0.23,70.52,451.4664,493.64,-42.173599999999965,China,Asia,B2B
258,2022-05-08,148,63,15,20.13,0.25,17.73,226.46249999999998,265.95,-39.48750000000001,Brazil,South America,B2B
259,2022-12-06,96,54,19,110.79,0.14,94.55,1810.3086,1796.45,13.858600000000024,USA,North America,B2B
260,2021-10-09,199,55,1,173.04,0.29,105.25,122.85839999999999,105.25,17.60839999999999,China,Asia,B2C
261,2021-06-18,52,40,17,120.11,0.24,69.38,1551.8211999999999,1179.46,372.3611999999998,India,Asia,B2B
262,2021-02-22,161,15,17,49.12,0.23,33.88,642.9807999999999,575.96,67.0207999999999,Brazil,South America,B2C
263,2021-10-05,168,21,3,79.93,0.22,40.2,187.03620000000004,120.60000000000001,66.43620000000003,India,Asia,B2B
264,2021-05-03,128,47,12,92.77,0.05,47.34,1057.578,568.08,489.49799999999993,China,Asia,B2C
265,2021-06-27,39,73,6,117.96,0.07,85.09,658.2167999999999,510.54,147.6767999999999,USA,North America,B2B
266,2022-03-21,82,53,11,153.07,0.14,108.4,1448.0421999999999,1192.4,255.64219999999978,Germany,Europe,B2B
267,2020-09-25,104,9,3,24.28,0.08,21.8,67.01280000000001,65.4,1.6128000000000071,Brazil,South America,B2B
268,2021-09-06,129,74,8,178.48,0.12,103.65,1256.4992,829.2,427.2991999999999,India,Asia,B2B
269,2022-07-25,11,52,14,7.4,0.27,4.46,75.628,62.44,13.188000000000002,USA,North America,B2B
270,2021-10-09,185,57,14,77.16,0.25,42.08,810.1800000000001,589.12,221.06000000000006,USA,North America,B2C
271,2020-05-28,178,26,10,10.35,0.19,8.97,83.83500000000001,89.7,-5.864999999999995,Germany,Europe,B2B
272,2020-01-20,151,41,2,81.63,0.26,66.21,120.8124,132.42,-11.60759999999999,China,Asia,B2C
273,2022-07-27,159,35,14,107.53,0.24,89.14,1144.1192,1247.96,-103.84079999999994,Germany,Europe,B2C
274,2020-07-23,42,63,9,104.78,0.13,90.23,820.4274,812.07,8.357399999999984,Germany,Europe,B2C
275,2020-05-30,99,25,3,37.3,0.06,26.48,105.18599999999999,79.44,25.745999999999995,China,Asia,B2B
276,2021-03-12,7,90,8,130.92,0.15,89.09,890.2559999999999,712.72,177.53599999999983,China,Asia,B2B
277,2022-11-02,144,75,16,13.73,0.22,8.68,171.3504,138.88,32.47040000000001,China,Asia,B2C
278,2021-06-27,90,38,2,153.57,0.13,112.98,267.2118,225.96,41.251799999999974,USA,North America,B2C
279,2020-09-28,112,2,6,189.6,0.2,129.25,910.0799999999999,775.5,134.57999999999993,USA,North America,B2B
280,2021-12-15,60,7,12,71.25,0.03,48.49,829.35,581.88,247.47000000000003,Brazil,South America,B2B
281,2020-05-20,113,82,5,105.86,0.22,92.6,412.854,463.0,-50.146000000000015,Brazil,South America,B2B
282,2021-05-15,2,91,2,78.89,0.24,70.5,119.9128,141.0,-21.087199999999996,Germany,Europe,B2B
283,2022-01-26,129,34,16,6.31,0.21,5.17,79.7584,82.72,-2.9616000000000042,Germany,Europe,B2C
284,2021-08-06,48,91,5,80.25,0.29,64.42,284.8875,322.1,-37.212500000000034,Brazil,South America,B2B
285,2020-11-19,140,17,15,159.39,0.25,123.08,1793.1374999999998,1846.2,-53.06250000000023,India,Asia,B2B
286,2022-06-16,197,43,12,121.22,0.27,68.66,1061.8872,823.92,237.96719999999993,Germany,Europe,B2B
287,2021-09-11,37,59,4,24.75,0.28,12.96,71.28,51.84,19.439999999999998,India,Asia,B2B
288,2022-12-19,160,51,15,170.19,0.24,132.12,1940.166,1981.8000000000002,-41.63400000000024,India,Asia,B2C
289,2020-01-17,9,54,11,108.56,0.2,85.93,955.3280000000001,945.23,10.09800000000007,China,Asia,B2C
290,2021-09-05,99,24,16,169.14,0.0,87.75,2706.24,1404.0,1302.2399999999998,USA,North America,B2B
291,2020-07-31,147,25,6,118.14,0.14,102.93,609.6024,617.58,-7.977600000000052,Brazil,South America,B2C
292,2020-10-02,48,71,14,114.14,0.17,61.23,1326.3068,857.2199999999999,469.08680000000015,USA,North America,B2B
293,2021-06-25,131,52,18,25.53,0.09,15.68,418.18140000000005,282.24,135.94140000000004,Brazil,South America,B2B
294,2020-08-24,148,70,12,37.64,0.1,28.94,406.512,347.28000000000003,59.23199999999997,USA,North America,B2B
295,2020-08-07,152,88,11,194.54,0.29,110.49,1519.3573999999999,1215.3899999999999,303.9674,Brazil,South America,B2B
296,2020-11-14,54,33,13,49.55,0.27,25.87,470.2295,336.31,133.91949999999997,USA,North America,B2B
297,2021-07-11,120,49,11,195.6,0.25,123.71,1613.6999999999998,1360.81,252.88999999999987,China,Asia,B2B
298,2021-07-31,161,29,16,108.72,0.12,87.67,1530.7776,1402.72,128.05759999999987,India,Asia,B2C
299,2021-03-07,152,63,15,31.48,0.0,20.95,472.2,314.25,157.95,Brazil,South America,B2B
300,2021-12-03,116,22,15,24.36,0.02,18.54,358.092,278.09999999999997,79.99200000000002,India,Asia,B2C
301,2021-02-20,75,26,4,45.73,0.09,33.47,166.4572,133.88,32.577200000000005,Brazil,South America,B2B
302,2021-06-24,113,28,11,185.5,0.0,94.4,2040.5,1038.4,1002.0999999999999,Brazil,South America,B2C
303,2022-11-01,200,85,19,85.76,0.01,76.79,1613.1456,1459.0100000000002,154.13559999999984,China,Asia,B2C
304,2022-09-27,164,49,15,82.11,0.27,42.42,899.1045,636.3000000000001,262.80449999999996,USA,North America,B2B
305,2021-05-29,166,71,4,66.08,0.21,58.62,208.8128,234.48,-25.66719999999998,Brazil,South America,B2C
306,2020-04-14,104,81,13,33.68,0.09,24.25,398.4344,315.25,83.18439999999998,USA,North America,B2B
307,2020-07-08,84,84,19,100.13,0.04,88.64,1826.3711999999998,1684.16,142.21119999999974,China,Asia,B2C
308,2022-05-17,112,49,2,30.36,0.15,16.57,51.611999999999995,33.14,18.471999999999994,Germany,Europe,B2B
309,2021-07-20,99,20,14,167.92,0.0,116.9,2350.8799999999997,1636.6000000000001,714.2799999999995,India,Asia,B2C
310,2020-03-31,153,86,4,77.23,0.28,43.85,222.4224,175.4,47.022400000000005,Brazil,South America,B2C
311,2020-01-08,93,92,16,78.09,0.12,40.64,1099.5072,650.24,449.2672,China,Asia,B2B
312,2021-11-14,146,63,14,97.43,0.12,72.78,1200.3376,1018.9200000000001,181.4176,USA,North America,B2B
313,2020-09-24,128,61,15,91.6,0.12,53.41,1209.1200000000001,801.15,407.97000000000014,Brazil,South America,B2C
314,2021-06-20,110,49,3,199.0,0.02,146.28,585.06,438.84000000000003,146.2199999999999,USA,North America,B2B
315,2020-11-26,82,71,8,111.35,0.19,60.68,721.548,485.44,236.108,Germany,Europe,B2B
316,2022-06-23,194,1,16,22.2,0.22,14.05,277.056,224.8,52.25599999999997,Brazil,South America,B2B
317,2022-05-25,54,96,10,123.34,0.2,100.23,986.7200000000001,1002.3000000000001,-15.579999999999927,India,Asia,B2B
318,2020-01-20,163,13,4,34.56,0.04,23.32,132.7104,93.28,39.43039999999999,Brazil,South America,B2C
319,2020-08-17,189,94,18,11.03,0.17,8.28,164.7882,149.04,15.748199999999997,India,Asia,B2B
320,2020-06-03,169,87,2,194.29,0.17,147.46,322.52139999999997,294.92,27.601399999999956,USA,North America,B2B
321,2020-11-01,161,51,17,155.84,0.26,130.52,1960.4672,2218.84,-258.3728000000001,Brazil,South America,B2C
322,2020-03-14,68,56,13,196.12,0.11,123.55,2269.1084,1606.1499999999999,662.9584000000002,China,Asia,B2C
323,2022-01-26,33,83,4,98.19,0.11,76.09,349.5564,304.36,45.19639999999998,China,Asia,B2B
324,2020-10-30,142,62,11,108.79,0.19,96.24,969.3189000000001,1058.6399999999999,-89.32109999999977,Germany,Europe,B2B
325,2022-05-30,21,32,7,37.83,0.19,29.97,214.4961,209.79,4.706100000000021,China,Asia,B2C
326,2020-09-18,48,30,12,53.15,0.14,36.99,548.5079999999999,443.88,104.62799999999993,Germany,Europe,B2C
327,2020-03-26,148,29,10,168.52,0.13,126.78,1466.124,1267.8,198.32400000000007,USA,North America,B2B
328,2021-09-23,128,49,7,74.46,0.15,59.26,443.0369999999999,414.82,28.216999999999928,India,Asia,B2B
329,2022-01-16,136,45,13,166.23,0.26,123.83,1599.1326,1609.79,-10.657400000000052,USA,North America,B2B
330,2020-03-22,135,93,7,143.26,0.14,72.59,862.4251999999999,508.13,354.2951999999999,India,Asia,B2B
331,2022-01-02,195,30,17,39.55,0.28,22.86,484.0919999999999,388.62,95.47199999999992,India,Asia,B2B
332,2021-03-06,145,16,10,103.95,0.15,85.67,883.5749999999999,856.7,26.874999999999886,Germany,Europe,B2C
333,2021-05-26,128,40,10,137.09,0.28,83.5,987.048,835.0,152.048,China,Asia,B2B
334,2020-07-29,33,19,4,50.83,0.25,40.29,152.49,161.16,-8.669999999999987,China,Asia,B2C
335,2021-12-25,176,18,4,166.98,0.11,108.34,594.4488,433.36,161.0888,Germany,Europe,B2B
336,2022-04-12,187,1,7,111.24,0.26,78.84,576.2231999999999,551.88,24.34319999999991,Germany,Europe,B2C
337,2020-11-12,115,78,1,37.22,0.03,19.62,36.1034,19.62,16.4834,USA,North America,B2C
338,2021-04-29,119,47,12,118.68,0.28,67.94,1025.3952,815.28,210.11519999999996,Germany,Europe,B2B
339,2020-11-28,22,66,13,199.94,0.19,176.52,2105.3682,2294.76,-189.39180000000033,China,Asia,B2B
340,2020-12-28,158,92,10,34.35,0.02,29.41,336.63,294.1,42.52999999999997,Germany,Europe,B2B
341,2022-04-24,38,94,15,164.27,0.19,124.99,1995.8805000000002,1874.85,121.0305000000003,Germany,Europe,B2C
342,2020-02-20,109,38,13,45.43,0.29,31.07,419.3189,403.91,15.40889999999996,India,Asia,B2C
343,2021-01-02,51,51,9,157.57,0.02,121.38,1389.7674,1092.42,297.3473999999999,Germany,Europe,B2B
344,2021-11-11,182,63,9,148.24,0.17,110.8,1107.3528000000001,997.1999999999999,110.15280000000018,USA,North America,B2B
345,2022-04-23,8,4,15,63.6,0.22,46.26,744.12,693.9,50.22000000000003,Germany,Europe,B2B
346,2021-05-23,27,1,10,68.54,0.24,35.89,520.9040000000001,358.9,162.00400000000013,Brazil,South America,B2C
347,2021-06-30,27,8,10,159.54,0.12,120.15,1403.952,1201.5,202.452,Brazil,South America,B2B
348,2020-11-22,21,29,8,94.98,0.06,76.7,714.2496,613.6,100.64959999999996,India,Asia,B2B
349,2020-08-09,30,55,16,147.51,0.01,132.41,2336.5584,2118.56,217.99839999999995,India,Asia,B2B
350,2022-02-22,97,3,17,33.86,0.17,17.08,477.7646,290.35999999999996,187.40460000000002,Brazil,South America,B2B
351,2020-03-20,28,32,5,171.25,0.14,135.64,736.375,678.1999999999999,58.17500000000007,India,Asia,B2C
352,2022-08-21,111,10,4,143.62,0.28,104.66,413.6256,418.64,-5.014399999999966,India,Asia,B2B
353,2021-03-31,192,74,18,181.85,0.02,122.5,3207.834,2205.0,1002.8339999999998,China,Asia,B2C
354,2021-02-12,197,83,19,30.81,0.21,16.98,462.4581,322.62,139.8381,China,Asia,B2B
355,2022-07-31,61,34,4,120.64,0.01,80.06,477.7344,320.24,157.49439999999998,Germany,Europe,B2B
356,2021-12-17,48,97,7,121.83,0.05,78.18,810.1694999999999,547.26,262.90949999999987,Brazil,South America,B2C
357,2021-09-17,147,87,10,73.92,0.14,45.91,635.712,459.09999999999997,176.61200000000002,USA,North America,B2C
358,2021-04-11,4,55,18,94.4,0.14,74.8,1461.3120000000001,1346.3999999999999,114.91200000000026,Brazil,South America,B2C
359,2021-04-01,35,92,19,12.41,0.21,9.68,186.2741,183.92,2.3541000000000167,Brazil,South America,B2B
360,2020-02-18,192,32,4,150.44,0.27,110.66,439.28479999999996,442.64,-3.355200000000025,China,Asia,B2B
361,2021-01-30,49,50,10,112.12,0.19,98.16,908.1720000000001,981.5999999999999,-73.42799999999977,China,Asia,B2C
362,2022-03-27,17,7,1,16.26,0.29,10.41,11.5446,10.41,1.1346000000000007,India,Asia,B2B
363,2021-11-03,172,93,18,137.75,0.26,82.31,1834.83,1481.58,353.25,USA,North America,B2B
364,2021-07-24,158,8,5,96.02,0.18,73.2,393.682,366.0,27.682000000000016,China,Asia,B2C
365,2020-05-22,46,65,15,11.72,0.25,6.79,131.85000000000002,101.85,30.00000000000003,India,Asia,B2C
366,2021-07-25,117,57,17,194.07,0.19,121.49,2672.3439000000003,2065.33,607.0139000000004,USA,North America,B2C
367,2021-12-20,6,67,3,190.08,0.02,112.12,558.8352,336.36,222.47519999999997,China,Asia,B2C
368,2022-11-09,99,88,12,105.02,0.22,55.42,982.9872,665.04,317.94720000000007,Brazil,South America,B2C
369,2022-03-29,124,87,2,23.27,0.03,19.34,45.1438,38.68,6.463799999999999,Brazil,South America,B2B
370,2021-11-09,37,59,1,152.15,0.18,91.57,124.76300000000002,91.57,33.193000000000026,USA,North America,B2B
371,2020-02-26,24,72,17,100.93,0.21,69.56,1355.4899000000003,1182.52,172.96990000000028,USA,North America,B2B
372,2020-08-24,93,54,16,63.98,0.02,33.1,1003.2063999999999,529.6,473.6063999999999,China,Asia,B2B
373,2021-06-18,46,67,5,100.83,0.07,78.62,468.85949999999997,393.1,75.75949999999995,China,Asia,B2B
374,2020-12-31,181,51,15,106.88,0.27,67.57,1170.3359999999998,1013.55,156.78599999999983,USA,North America,B2B
375,2021-06-27,95,97,3,114.73,0.18,91.54,282.23580000000004,274.62,7.615800000000036,USA,North America,B2B
376,2020-03-19,99,92,7,91.04,0.07,60.54,592.6704000000001,423.78,168.8904000000001,India,Asia,B2B
377,2020-08-10,188,8,11,123.12,0.21,71.2,1069.9128000000003,783.2,286.71280000000024,India,Asia,B2B
378,2022-06-08,116,34,10,184.15,0.18,129.88,1510.0300000000002,1298.8,211.23000000000025,India,Asia,B2B
379,2021-12-08,191,35,9,75.64,0.15,41.77,578.646,375.93,202.71599999999995,Brazil,South America,B2B
380,2021-10-04,160,96,14,146.51,0.29,99.07,1456.3093999999999,1386.98,69.32939999999985,Brazil,South America,B2C
381,2022-06-12,161,88,13,179.42,0.21,112.48,1842.6434000000002,1462.24,380.40340000000015,India,Asia,B2B
382,2022-11-13,67,78,2,93.92,0.11,81.22,167.1776,162.44,4.737600000000015,India,Asia,B2B
383,2020-08-24,128,32,3,91.47,0.24,47.96,208.55159999999998,143.88,64.67159999999998,USA,North America,B2C
384,2022-02-27,18,46,7,122.41,0.27,95.19,625.5151,666.3299999999999,-40.814899999999966,Brazil,South America,B2B
385,2021-01-24,25,16,18,120.32,0.04,68.96,2079.1295999999998,1241.28,837.8495999999998,India,Asia,B2B
386,2021-06-05,54,68,3,162.28,0.06,101.85,457.6296,305.54999999999995,152.07960000000003,Germany,Europe,B2B
387,2020-03-31,58,37,10,97.91,0.06,65.23,920.3539999999998,652.3000000000001,268.05399999999975,China,Asia,B2B
388,2022-06-12,67,54,7,199.24,0.21,171.99,1101.7972000000002,1203.93,-102.13279999999986,India,Asia,B2C
389,2020-01-04,104,85,9,16.6,0.18,9.91,122.50800000000001,89.19,33.31800000000001,Brazil,South America,B2B
390,2022-11-30,174,14,17,5.62,0.19,3.02,77.38740000000001,51.34,26.04740000000001,India,Asia,B2C
391,2021-02-07,24,95,11,129.84,0.28,81.47,1028.3328,896.17,132.16279999999995,Germany,Europe,B2B
392,2022-01-15,114,55,7,63.19,0.23,34.24,340.59409999999997,239.68,100.91409999999996,USA,North America,B2B
393,2022-06-02,32,48,14,51.87,0.04,28.6,697.1328,400.40000000000003,296.73279999999994,Brazil,South America,B2B
394,2020-05-23,175,82,19,65.82,0.1,48.02,1125.522,912.3800000000001,213.14199999999983,USA,North America,B2B
395,2021-11-07,86,7,4,54.93,0.13,28.8,191.1564,115.2,75.95639999999999,China,Asia,B2B
396,2021-10-04,151,74,6,11.0,0.12,5.64,58.08,33.839999999999996,24.240000000000002,USA,North America,B2B
397,2020-09-12,194,7,10,194.45,0.2,152.79,1555.6000000000001,1527.8999999999999,27.700000000000273,India,Asia,B2B
398,2021-09-07,127,33,7,48.05,0.27,30.98,245.53549999999996,216.86,28.675499999999943,Germany,Europe,B2C
399,2022-11-04,155,23,13,148.14,0.09,81.5,1752.4961999999998,1059.5,692.9961999999998,USA,North America,B2B
400,2021-09-25,130,85,14,153.71,0.17,92.45,1786.1101999999998,1294.3,491.8101999999999,Germany,Europe,B2C
401,2022-04-16,17,19,4,186.21,0.24,140.93,566.0784,563.72,2.3583999999999605,Brazil,South America,B2C
402,2021-10-30,104,19,8,10.96,0.12,6.69,77.1584,53.52,23.638399999999997,Brazil,South America,B2B
403,2022-04-04,161,36,5,175.05,0.05,122.15,831.4875,610.75,220.73749999999995,India,Asia,B2B
404,2021-08-28,137,29,1,107.81,0.14,59.15,92.7166,59.15,33.5666,India,Asia,B2B
405,2020-09-17,43,60,4,128.35,0.02,94.37,503.13199999999995,377.48,125.65199999999993,India,Asia,B2C
406,2021-01-27,176,82,3,130.67,0.28,81.86,282.24719999999996,245.57999999999998,36.66719999999998,Germany,Europe,B2B
407,2022-05-11,39,2,9,164.86,0.02,123.77,1454.0652000000002,1113.93,340.13520000000017,China,Asia,B2C
408,2022-02-15,170,1,8,70.01,0.13,57.64,487.2696,461.12,26.14960000000002,China,Asia,B2B
409,2020-12-22,26,47,1,147.94,0.16,110.16,124.2696,110.16,14.1096,China,Asia,B2C
410,2021-09-08,99,69,6,108.07,0.3,66.82,453.89399999999995,400.91999999999996,52.97399999999999,Brazil,South America,B2B
411,2022-04-11,50,20,9,159.71,0.05,96.19,1365.5205,865.71,499.81050000000005,Brazil,South America,B2C
412,2020-01-01,153,11,7,198.16,0.03,125.03,1345.5063999999998,875.21,470.2963999999997,China,Asia,B2B
413,2021-09-14,152,2,4,44.13,0.0,24.97,176.52,99.88,76.64000000000001,India,Asia,B2B
414,2021-08-10,13,67,13,198.96,0.05,113.9,2457.156,1480.7,976.4559999999999,USA,North America,B2B
415,2021-03-06,60,87,17,22.51,0.06,18.37,359.7098,312.29,47.41979999999995,China,Asia,B2B
416,2022-05-30,135,12,2,5.45,0.19,3.56,8.829,7.12,1.7090000000000005,USA,North America,B2C
417,2021-10-21,57,20,5,13.61,0.07,9.18,63.2865,45.9,17.386499999999998,China,Asia,B2B
418,2022-08-10,36,5,12,71.65,0.01,52.85,851.2020000000001,634.2,217.00200000000007,USA,North America,B2B
419,2022-06-23,173,37,8,128.42,0.25,94.5,770.52,756.0,14.519999999999982,India,Asia,B2B
420,2022-06-24,20,38,6,18.46,0.11,9.73,98.5764,58.38,40.196400000000004,Brazil,South America,B2B
421,2021-03-13,65,94,8,6.1,0.11,5.08,43.431999999999995,40.64,2.7919999999999945,China,Asia,B2B
422,2022-11-12,8,9,18,187.73,0.09,107.18,3075.0174,1929.2400000000002,1145.7774,China,Asia,B2C
423,2022-08-27,144,98,3,165.28,0.29,130.44,352.0464,391.32,-39.27359999999999,India,Asia,B2B
424,2020-12-13,142,53,12,162.79,0.05,131.71,1855.806,1580.52,275.28600000000006,Germany,Europe,B2C
425,2020-06-22,115,44,3,177.46,0.27,139.48,388.6374,418.43999999999994,-29.802599999999927,China,Asia,B2B
426,2021-08-04,143,99,6,141.51,0.23,103.53,653.7762,621.1800000000001,32.59619999999995,USA,North America,B2B
427,2022-11-21,92,86,2,25.36,0.02,12.83,49.7056,25.66,24.045599999999997,India,Asia,B2C
428,2021-11-17,98,24,12,82.82,0.3,53.35,695.6879999999999,640.2,55.48799999999983,Germany,Europe,B2C
429,2020-07-10,66,81,2,146.01,0.08,108.33,268.6584,216.66,51.998399999999975,China,Asia,B2B
430,2021-04-26,32,74,6,59.67,0.03,39.08,347.27939999999995,234.48,112.79939999999996,China,Asia,B2C
431,2021-09-27,191,30,17,139.04,0.25,117.54,1772.7599999999998,1998.18,-225.4200000000003,Brazil,South America,B2B
432,2021-04-05,86,59,3,9.78,0.21,6.1,23.1786,18.299999999999997,4.878600000000002,Germany,Europe,B2B
433,2021-02-11,51,87,2,64.7,0.19,39.95,104.81400000000001,79.9,24.914,India,Asia,B2C
434,2020-10-28,153,96,8,112.08,0.05,67.97,851.808,543.76,308.048,USA,North America,B2B
435,2020-02-20,186,81,12,128.26,0.14,81.2,1323.6432,974.4000000000001,349.2431999999999,China,Asia,B2B
436,2020-04-04,63,81,4,117.52,0.23,84.96,361.9616,339.84,22.1216,India,Asia,B2C
437,2021-05-16,190,14,5,141.06,0.09,110.42,641.823,552.1,89.72299999999996,Brazil,South America,B2C
438,2022-08-31,125,9,13,6.19,0.09,4.74,73.2277,61.620000000000005,11.607699999999994,China,Asia,B2B
439,2020-05-29,150,40,15,24.68,0.0,20.31,370.2,304.65,65.55000000000001,Germany,Europe,B2B
440,2022-07-21,58,66,16,174.44,0.05,149.04,2651.488,2384.64,266.84799999999996,India,Asia,B2B
441,2022-04-28,58,25,10,137.94,0.26,114.0,1020.7560000000001,1140.0,-119.24399999999991,USA,North America,B2C
442,2021-02-02,86,73,16,27.02,0.13,13.71,376.1184,219.36,156.7584,Brazil,South America,B2C
443,2022-02-25,49,22,12,169.2,0.3,134.41,1421.2799999999997,1612.92,-191.64000000000033,India,Asia,B2B
444,2022-10-09,180,4,17,52.24,0.12,30.47,781.5104,517.99,263.5204,China,Asia,B2B
445,2022-03-29,170,26,16,98.26,0.21,54.35,1242.0064000000002,869.6,372.4064000000002,USA,North America,B2B
446,2021-05-14,70,58,12,33.31,0.08,25.16,367.74240000000003,301.92,65.82240000000002,China,Asia,B2C
447,2020-10-29,15,29,8,143.47,0.11,90.08,1021.5064,720.64,300.8664,China,Asia,B2C
448,2020-01-12,54,98,3,135.04,0.06,70.61,380.8128,211.82999999999998,168.9828,Germany,Europe,B2C
449,2020-08-06,188,87,16,46.17,0.1,25.63,664.8480000000001,410.08,254.7680000000001,Germany,Europe,B2C
450,2022-05-20,101,37,13,173.36,0.16,86.74,1893.0912,1127.62,765.4712000000002,China,Asia,B2B
451,2021-03-24,8,75,19,83.25,0.3,71.7,1107.225,1362.3,-255.07500000000005,Brazil,South America,B2B
452,2020-12-26,53,70,8,62.04,0.2,31.63,397.05600000000004,253.04,144.01600000000005,Germany,Europe,B2B
453,2022-11-26,60,18,5,34.7,0.06,20.26,163.09,101.30000000000001,61.78999999999999,Germany,Europe,B2B
454,2022-08-09,108,85,8,56.9,0.01,37.92,450.64799999999997,303.36,147.28799999999995,Germany,Europe,B2B
455,2020-04-12,5,42,12,9.3,0.04,5.98,107.13600000000001,71.76,35.376000000000005,Germany,Europe,B2B
456,2021-05-25,103,100,1,118.74,0.17,102.67,98.5542,102.67,-4.115800000000007,USA,North America,B2C
457,2020-09-05,196,41,6,169.23,0.23,87.34,781.8426,524.04,257.8026,China,Asia,B2C
458,2022-07-23,6,38,18,112.05,0.28,78.98,1452.168,1421.64,30.527999999999793,USA,North America,B2B
459,2020-09-30,109,34,8,47.76,0.0,36.88,382.08,295.04,87.03999999999996,India,Asia,B2B
460,2022-08-09,116,17,7,11.57,0.16,10.1,68.03160000000001,70.7,-2.6683999999999912,India,Asia,B2B
461,2022-12-23,94,37,1,46.85,0.14,35.05,40.291000000000004,35.05,5.241000000000007,India,Asia,B2C
462,2021-10-11,47,25,16,86.14,0.2,70.76,1102.592,1132.16,-29.567999999999984,USA,North America,B2C
463,2022-06-25,99,76,12,153.12,0.17,81.69,1525.0752,980.28,544.7952,China,Asia,B2B
464,2022-10-30,55,87,6,41.63,0.21,27.24,197.32620000000003,163.44,33.88620000000003,India,Asia,B2B
465,2022-05-23,168,86,2,145.36,0.2,94.42,232.57600000000002,188.84,43.73600000000002,Germany,Europe,B2B
466,2022-07-02,52,85,14,174.05,0.04,148.73,2339.232,2082.22,257.01200000000017,India,Asia,B2B
467,2020-11-21,144,27,4,93.52,0.24,52.42,284.3008,209.68,74.62079999999997,Brazil,South America,B2B
468,2022-08-30,13,57,1,165.18,0.04,92.63,158.5728,92.63,65.9428,Germany,Europe,B2C
469,2022-07-10,114,31,18,113.16,0.21,71.45,1609.1352,1286.1000000000001,323.0351999999998,Germany,Europe,B2C
470,2021-06-14,124,6,13,129.23,0.12,67.43,1478.3911999999998,876.5900000000001,601.8011999999997,Germany,Europe,B2B
471,2021-05-21,106,91,2,107.62,0.15,61.66,182.954,123.32,59.634000000000015,India,Asia,B2C
472,2021-07-21,158,40,9,95.32,0.27,84.46,626.2523999999999,760.14,-133.88760000000013,Germany,Europe,B2C
473,2022-12-03,147,98,2,50.76,0.27,34.07,74.1096,68.14,5.9696,Brazil,South America,B2B
474,2022-09-19,145,12,9,64.12,0.25,48.27,432.81000000000006,434.43,-1.6199999999999477,USA,North America,B2B
475,2021-05-04,120,53,1,61.54,0.15,48.64,52.309,48.64,3.668999999999997,Brazil,South America,B2C
476,2021-07-16,63,71,11,114.84,0.22,74.28,985.3272000000001,817.08,168.24720000000002,China,Asia,B2B
477,2022-06-19,19,10,3,28.39,0.15,15.87,72.3945,47.61,24.784499999999994,Germany,Europe,B2C
478,2020-06-07,92,45,4,183.77,0.26,107.07,543.9592,428.28,115.67920000000004,Brazil,South America,B2C
479,2021-08-08,58,17,18,145.53,0.12,91.0,2305.1952,1638.0,667.1952000000001,India,Asia,B2C
480,2021-04-25,183,26,6,83.28,0.29,62.83,354.77279999999996,376.98,-22.207200000000057,China,Asia,B2C
481,2021-07-10,90,85,3,35.93,0.28,23.69,77.60879999999999,71.07000000000001,6.538799999999981,Brazil,South America,B2C
482,2021-11-18,117,92,11,176.99,0.22,88.98,1518.5742,978.7800000000001,539.7941999999999,Germany,Europe,B2C
483,2021-10-16,62,62,15,165.64,0.08,117.5,2285.832,1762.5,523.3319999999999,India,Asia,B2B
484,2020-06-14,23,46,5,145.74,0.04,126.59,699.552,632.95,66.60199999999998,Germany,Europe,B2B
485,2020-10-10,127,64,10,57.95,0.26,47.8,428.83,478.0,-49.170000000000016,China,Asia,B2B
486,2020-11-04,137,2,12,83.48,0.05,69.3,951.6719999999999,831.5999999999999,120.072,Brazil,South America,B2C
487,2021-04-18,140,54,15,25.04,0.26,20.48,277.94399999999996,307.2,-29.25600000000003,Germany,Europe,B2B
488,2022-02-23,129,65,17,41.86,0.15,26.35,604.877,447.95000000000005,156.9269999999999,China,Asia,B2B
489,2020-11-08,58,51,10,157.69,0.12,127.11,1387.672,1271.1,116.57200000000012,India,Asia,B2B
490,2021-03-14,122,53,6,144.43,0.27,80.49,632.6034,482.93999999999994,149.66340000000002,Brazil,South America,B2C
491,2020-05-11,1,36,18,120.73,0.18,92.13,1781.9748,1658.34,123.63480000000004,Brazil,South America,B2C
492,2022-04-29,34,26,13,179.67,0.17,135.94,1938.6393,1767.22,171.41930000000002,China,Asia,B2C
493,2022-04-14,96,29,3,118.74,0.17,60.58,295.66259999999994,181.74,113.92259999999993,Brazil,South America,B2B
494,2021-11-08,126,21,10,96.06,0.11,78.31,854.9340000000001,783.1,71.83400000000006,India,Asia,B2C
495,2022-08-12,118,11,14,71.37,0.24,61.47,759.3768,860.5799999999999,-101.20319999999992,India,Asia,B2C
496,2022-05-01,48,40,6,188.39,0.08,114.35,1039.9128,686.0999999999999,353.81280000000015,Brazil,South America,B2B
497,2020-05-07,89,11,3,21.13,0.28,17.43,45.6408,52.29,-6.6492,Germany,Europe,B2B
498,2021-02-27,117,36,16,186.52,0.27,99.41,2178.5536,1590.56,587.9936000000002,Germany,Europe,B2B
499,2022-05-10,129,59,7,166.21,0.1,122.99,1047.123,860.93,186.1930000000001,India,Asia,B2C
500,2022-03-08,16,39,14,30.34,0.22,21.06,331.3128,294.84,36.47280000000001,Germany,Europe,B2B
501,2020-02-10,189,99,9,115.17,0.17,82.73,860.3199,744.57,115.74989999999991,China,Asia,B2B
502,2022-02-18,192,54,15,173.98,0.1,151.45,2348.73,2271.75,76.98000000000002,USA,North America,B2C
503,2022-09-03,191,98,3,116.5,0.3,98.85,244.64999999999998,296.54999999999995,-51.89999999999998,Brazil,South America,B2B
504,2020-01-13,69,55,2,181.9,0.01,148.07,360.16200000000003,296.14,64.02200000000005,China,Asia,B2B
505,2021-12-21,22,24,2,188.88,0.08,115.12,347.5392,230.24,117.29919999999998,India,Asia,B2C
506,2021-09-03,93,22,3,87.36,0.16,75.54,220.14719999999997,226.62,-6.472800000000035,USA,North America,B2B
507,2022-03-09,195,69,18,78.58,0.16,42.35,1188.1296,762.3000000000001,425.8295999999999,India,Asia,B2C
508,2022-05-08,76,56,14,187.58,0.18,157.82,2153.4184000000005,2209.48,-56.061599999999544,USA,North America,B2B
509,2021-03-27,154,33,18,136.65,0.23,86.26,1893.9690000000003,1552.68,341.2890000000002,China,Asia,B2C
510,2022-09-26,144,36,10,27.62,0.19,14.4,223.722,144.0,79.72200000000001,USA,North America,B2C
511,2021-03-25,179,20,2,13.25,0.18,10.17,21.73,20.34,1.3900000000000006,Germany,Europe,B2B
512,2021-07-12,86,83,1,115.1,0.02,68.2,112.79799999999999,68.2,44.597999999999985,China,Asia,B2B
513,2022-06-11,185,99,4,186.38,0.11,111.35,663.5128,445.4,218.1128,Brazil,South America,B2C
514,2022-09-21,29,81,14,169.63,0.07,105.58,2208.5825999999997,1478.12,730.4625999999998,India,Asia,B2C
515,2020-02-29,69,62,1,136.79,0.08,71.88,125.8468,71.88,53.966800000000006,Germany,Europe,B2C
516,2022-03-07,47,98,14,32.13,0.17,18.34,373.35060000000004,256.76,116.59060000000005,Brazil,South America,B2C
517,2021-11-19,94,73,16,54.58,0.06,27.4,820.8831999999999,438.4,382.4831999999999,USA,North America,B2B
518,2022-04-08,190,26,14,175.72,0.09,119.17,2238.6728,1668.38,570.2927999999997,Germany,Europe,B2B
519,2020-12-04,197,66,3,40.65,0.07,21.69,113.41349999999998,65.07000000000001,48.34349999999998,Brazil,South America,B2C
520,2022-08-15,144,73,3,59.3,0.28,45.84,128.08799999999997,137.52,-9.432000000000045,China,Asia,B2B
521,2020-09-18,176,73,9,30.27,0.28,17.99,196.1496,161.91,34.239599999999996,USA,North America,B2B
522,2022-12-29,85,40,6,136.84,0.18,120.07,673.2528,720.42,-47.16719999999998,Brazil,South America,B2B
523,2020-02-25,39,17,13,189.08,0.28,160.43,1769.7887999999998,2085.59,-315.80120000000034,USA,North America,B2B
524,2022-03-17,100,1,2,57.45,0.24,35.38,87.32400000000001,70.76,16.564000000000007,Brazil,South America,B2B
525,2020-02-25,33,89,8,97.7,0.18,79.46,640.912,635.68,5.232000000000085,India,Asia,B2C
526,2020-06-20,101,61,2,128.7,0.0,105.7,257.4,211.4,45.99999999999997,China,Asia,B2B
527,2022-05-27,23,43,4,199.9,0.23,178.84,615.692,715.36,-99.668,Germany,Europe,B2B
528,2020-10-04,10,42,15,25.44,0.21,18.8,301.46400000000006,282.0,19.464000000000055,Brazil,South America,B2C
529,2022-08-03,69,25,4,102.22,0.18,54.46,335.2816,217.84,117.44160000000002,USA,North America,B2C
530,2021-01-07,100,39,13,80.1,0.23,60.77,801.8009999999999,790.01,11.79099999999994,China,Asia,B2B
531,2020-04-12,34,35,12,173.83,0.15,130.37,1773.066,1564.44,208.62599999999998,Germany,Europe,B2B
532,2021-06-16,180,3,13,97.81,0.21,73.88,1004.5087,960.4399999999999,44.068700000000035,USA,North America,B2C
533,2022-02-15,138,44,14,26.64,0.28,16.59,268.5312,232.26,36.27120000000002,China,Asia,B2C
534,2021-11-01,147,51,18,128.71,0.11,108.61,2061.9342,1954.98,106.95420000000013,USA,North America,B2C
535,2021-03-09,186,94,6,155.3,0.21,137.25,736.1220000000001,823.5,-87.37799999999993,China,Asia,B2C
536,2022-07-20,96,98,11,5.56,0.14,3.26,52.59759999999999,35.86,16.737599999999993,Germany,Europe,B2C
537,2021-10-31,1,12,2,172.5,0.2,92.33,276.0,184.66,91.34,Germany,Europe,B2B
538,2021-11-22,69,19,19,41.27,0.23,23.85,603.7801000000001,453.15000000000003,150.63010000000003,USA,North America,B2C
539,2022-02-15,4,44,19,112.65,0.01,93.3,2118.9465,1772.7,346.24649999999997,China,Asia,B2B
540,2021-07-23,16,59,5,86.08,0.19,66.34,348.624,331.70000000000005,16.923999999999978,Brazil,South America,B2C
541,2022-05-13,24,49,19,145.33,0.07,109.64,2567.9811000000004,2083.16,484.82110000000057,Germany,Europe,B2C
542,2021-05-31,80,61,2,77.38,0.2,51.13,123.80799999999999,102.26,21.547999999999988,Brazil,South America,B2B
543,2020-06-16,2,17,10,174.6,0.14,127.66,1501.56,1276.6,224.96000000000004,Brazil,South America,B2B
544,2022-08-21,128,74,2,147.45,0.23,91.88,227.07299999999998,183.76,43.31299999999999,India,Asia,B2B
545,2020-02-09,160,57,11,131.3,0.04,90.71,1386.528,997.81,388.7180000000001,USA,North America,B2B
546,2020-04-16,84,55,18,160.27,0.19,130.98,2336.7366,2357.64,-20.903399999999692,USA,North America,B2C
547,2021-12-17,152,47,15,152.03,0.08,135.69,2098.014,2035.35,62.664000000000215,USA,North America,B2B
548,2021-04-04,140,12,9,12.01,0.26,10.48,79.9866,94.32000000000001,-14.333400000000012,China,Asia,B2C
549,2020-05-20,178,62,19,81.97,0.28,71.6,1121.3496,1360.3999999999999,-239.05039999999985,Germany,Europe,B2B
550,2020-03-23,163,80,9,186.51,0.3,123.26,1175.013,1109.3400000000001,65.67299999999977,Germany,Europe,B2C
551,2020-03-04,124,88,3,29.52,0.24,20.3,67.3056,60.900000000000006,6.405599999999993,India,Asia,B2C
552,2021-05-21,33,83,9,148.73,0.23,116.34,1030.6988999999999,1047.06,-16.36110000000008,India,Asia,B2C
553,2021-02-12,161,8,14,195.05,0.06,169.47,2566.858,2372.58,194.27800000000025,India,Asia,B2B
554,2020-02-11,189,95,19,15.18,0.1,8.45,259.57800000000003,160.54999999999998,99.02800000000005,Brazil,South America,B2C
555,2020-11-08,179,21,7,138.03,0.14,85.81,830.9406,600.6700000000001,230.27059999999994,USA,North America,B2B
556,2021-05-03,171,81,16,96.29,0.23,53.51,1186.2928000000002,856.16,330.1328000000002,China,Asia,B2B
557,2020-09-15,101,87,16,117.94,0.27,87.84,1377.5392,1405.44,-27.900800000000118,Germany,Europe,B2B
558,2022-08-27,12,80,1,21.64,0.06,13.47,20.3416,13.47,6.871599999999999,China,Asia,B2B
559,2020-08-22,67,70,4,13.39,0.28,8.44,38.5632,33.76,4.803200000000004,USA,North America,B2C
560,2021-03-22,65,72,4,135.04,0.21,71.35,426.7264,285.4,141.32640000000004,USA,North America,B2B
561,2022-08-10,161,25,7,165.55,0.18,105.94,950.2570000000002,741.5799999999999,208.67700000000025,Germany,Europe,B2C
562,2021-06-08,168,82,8,157.49,0.06,133.08,1184.3248,1064.64,119.6848,Brazil,South America,B2C
563,2022-01-25,74,89,17,111.04,0.02,65.87,1849.9264,1119.79,730.1364000000001,India,Asia,B2B
564,2020-12-09,43,12,5,24.47,0.17,19.04,101.55049999999999,95.19999999999999,6.350499999999997,Brazil,South America,B2C
565,2020-08-22,44,15,7,139.17,0.2,104.64,779.352,732.48,46.87199999999996,USA,North America,B2B
566,2020-12-01,29,59,4,52.17,0.06,44.1,196.1592,176.4,19.759199999999993,USA,North America,B2B
567,2021-09-29,141,26,6,182.66,0.17,101.0,909.6468,606.0,303.6468,Brazil,South America,B2B
568,2020-08-09,12,26,7,168.46,0.26,150.1,872.6228,1050.7,-178.07720000000006,India,Asia,B2C
569,2020-02-22,95,47,18,143.33,0.25,105.07,1934.955,1891.2599999999998,43.695000000000164,India,Asia,B2C
570,2021-09-30,46,32,5,190.02,0.28,170.67,684.072,853.3499999999999,-169.2779999999999,USA,North America,B2B
571,2022-02-07,130,10,3,11.13,0.11,9.62,29.717100000000002,28.86,0.8571000000000026,India,Asia,B2B
572,2022-03-23,35,16,7,148.56,0.1,87.44,935.9280000000001,612.0799999999999,323.8480000000002,India,Asia,B2C
573,2021-02-10,81,71,14,69.4,0.22,36.26,757.8480000000002,507.64,250.2080000000002,Germany,Europe,B2B
574,2020-06-04,90,17,7,181.68,0.13,109.42,1106.4312,765.94,340.49119999999994,Germany,Europe,B2C
575,2021-05-12,8,23,5,57.0,0.03,40.53,276.45,202.65,73.79999999999998,China,Asia,B2B
576,2020-07-27,93,26,5,146.35,0.08,83.22,673.21,416.1,257.11,Brazil,South America,B2B
577,2021-09-09,154,85,2,176.14,0.13,99.87,306.48359999999997,199.74,106.74359999999996,USA,North America,B2C
578,2020-09-04,90,86,6,13.12,0.09,8.99,71.6352,53.94,17.6952,India,Asia,B2B
579,2020-03-25,162,7,15,82.54,0.1,42.37,1114.2900000000002,635.55,478.74000000000024,China,Asia,B2C
580,2021-12-12,115,14,10,153.65,0.09,84.32,1398.2150000000001,843.1999999999999,555.0150000000002,Germany,Europe,B2C
581,2022-12-27,105,79,7,93.71,0.01,62.44,649.4102999999999,437.08,212.3302999999999,India,Asia,B2B
582,2022-05-27,135,7,5,57.11,0.19,30.0,231.29550000000003,150.0,81.29550000000003,Brazil,South America,B2B
583,2022-01-28,196,9,1,47.86,0.18,31.53,39.245200000000004,31.53,7.715200000000003,Germany,Europe,B2C
584,2020-05-21,58,48,13,30.65,0.2,21.14,318.76,274.82,43.94,USA,North America,B2C
585,2022-11-02,114,72,18,172.14,0.06,117.14,2912.6087999999995,2108.52,804.0887999999995,India,Asia,B2B
586,2021-11-29,75,59,13,117.19,0.09,99.34,1386.3577,1291.42,94.93769999999995,China,Asia,B2C
587,2020-01-26,157,87,18,19.9,0.19,14.17,290.142,255.06,35.081999999999994,USA,North America,B2B
588,2022-05-10,120,93,5,79.6,0.18,54.7,326.36,273.5,52.860000000000014,India,Asia,B2B
589,2022-09-30,164,82,13,76.71,0.15,50.96,847.6454999999999,662.48,185.16549999999984,India,Asia,B2C
590,2020-08-04,21,95,4,40.44,0.11,33.45,143.9664,133.8,10.166399999999982,India,Asia,B2B
591,2022-06-06,164,94,17,89.92,0.27,77.15,1115.9072,1311.5500000000002,-195.64280000000008,India,Asia,B2C
592,2022-01-11,138,39,3,69.76,0.1,58.69,188.35200000000003,176.07,12.282000000000039,India,Asia,B2B
593,2022-07-30,101,99,17,71.65,0.14,55.13,1047.5230000000001,937.21,110.3130000000001,USA,North America,B2C
594,2020-11-09,152,18,11,149.11,0.2,82.75,1312.1680000000001,910.25,401.9180000000001,Brazil,South America,B2B
595,2022-06-10,192,59,4,48.54,0.16,29.65,163.09439999999998,118.6,44.494399999999985,Brazil,South America,B2B
596,2020-12-26,177,17,2,130.16,0.1,67.48,234.288,134.96,99.328,USA,North America,B2C
597,2022-12-04,99,14,16,116.28,0.13,101.43,1618.6176,1622.88,-4.262400000000071,Brazil,South America,B2B
598,2021-07-07,36,31,18,115.78,0.24,88.49,1583.8704,1592.82,-8.949599999999919,China,Asia,B2B
599,2022-09-17,96,24,8,134.29,0.08,107.24,988.3744,857.92,130.45440000000008,China,Asia,B2B
600,2022-08-10,152,99,3,111.93,0.04,69.91,322.3584,209.73,112.62840000000003,USA,North America,B2B
601,2022-06-11,151,60,9,176.45,0.09,147.91,1445.1255,1331.19,113.93550000000005,China,Asia,B2C
602,2021-07-03,190,45,6,136.74,0.25,82.57,615.33,495.41999999999996,119.91000000000008,USA,North America,B2B
603,2021-10-22,37,98,10,111.66,0.03,55.9,1083.1019999999999,559.0,524.1019999999999,China,Asia,B2B
604,2021-05-17,12,3,10,166.8,0.3,108.51,1167.6,1085.1000000000001,82.49999999999977,Germany,Europe,B2B
605,2020-06-26,113,37,13,123.2,0.16,89.73,1345.344,1166.49,178.85400000000004,USA,North America,B2B
606,2021-07-25,183,43,17,61.77,0.3,42.71,735.0630000000001,726.07,8.993000000000052,India,Asia,B2B
607,2022-07-12,13,40,9,45.38,0.28,38.34,294.0624,345.06000000000006,-50.997600000000034,China,Asia,B2B
608,2021-05-14,23,90,17,34.7,0.14,18.81,507.3140000000001,319.77,187.5440000000001,Germany,Europe,B2B
609,2022-08-09,99,55,9,180.39,0.06,130.16,1526.0993999999996,1171.44,354.65939999999955,USA,North America,B2C
610,2022-02-15,105,87,9,143.48,0.05,101.18,1226.754,910.6200000000001,316.1339999999998,China,Asia,B2C
611,2021-11-19,30,39,1,187.79,0.07,115.03,174.64469999999997,115.03,59.61469999999997,India,Asia,B2B
612,2020-02-28,17,15,2,122.64,0.21,101.66,193.77120000000002,203.32,-9.548799999999972,China,Asia,B2B
613,2022-10-09,113,4,16,97.31,0.08,77.96,1432.4032000000002,1247.36,185.0432000000003,Germany,Europe,B2B
614,2021-10-27,62,93,1,16.64,0.1,13.2,14.976,13.2,1.7760000000000016,Brazil,South America,B2B
615,2021-01-07,84,86,10,135.97,0.13,115.64,1182.939,1156.4,26.538999999999987,Brazil,South America,B2B
616,2022-09-25,112,25,18,118.53,0.27,93.53,1557.4841999999999,1683.54,-126.05580000000009,Germany,Europe,B2B
617,2021-03-10,86,13,8,198.09,0.06,117.42,1489.6368,939.36,550.2768,Germany,Europe,B2B
618,2021-12-27,141,82,11,51.64,0.0,40.39,568.04,444.29,123.74999999999994,USA,North America,B2B
619,2021-06-13,187,33,2,108.49,0.02,67.6,212.6404,135.2,77.44040000000001,Brazil,South America,B2B
620,2021-11-28,19,16,8,131.94,0.27,78.75,770.5296,630.0,140.52959999999996,USA,North America,B2B
621,2021-07-26,177,42,8,130.7,0.19,69.17,846.936,553.36,293.576,China,Asia,B2B
622,2021-07-19,100,66,17,114.45,0.08,91.29,1789.9980000000003,1551.93,238.0680000000002,Germany,Europe,B2B
623,2020-01-21,140,55,15,156.5,0.05,122.76,2230.125,1841.4,388.7249999999999,USA,North America,B2B
624,2022-11-24,189,99,17,44.97,0.09,26.7,695.6859000000001,453.9,241.78590000000008,Germany,Europe,B2B
625,2021-01-26,147,42,13,146.5,0.03,117.16,1847.365,1523.08,324.2850000000001,USA,North America,B2B
626,2020-06-24,76,34,19,125.85,0.28,109.13,1721.628,2073.47,-351.84199999999987,China,Asia,B2B
627,2021-05-09,9,30,5,179.73,0.24,97.63,682.974,488.15,194.82400000000007,China,Asia,B2B
628,2022-04-12,199,13,12,170.2,0.14,100.94,1756.464,1211.28,545.184,India,Asia,B2B
629,2022-09-27,28,13,1,66.45,0.26,53.17,49.173,53.17,-3.997,Brazil,South America,B2B
630,2021-05-07,128,18,5,58.87,0.07,35.9,273.74549999999994,179.5,94.24549999999994,India,Asia,B2B
631,2022-09-02,52,32,8,196.42,0.22,147.29,1225.6607999999999,1178.32,47.340799999999945,Brazil,South America,B2C
632,2022-10-02,83,96,13,107.82,0.26,57.41,1037.2284,746.3299999999999,290.89840000000004,China,Asia,B2B
633,2022-07-06,111,99,8,181.75,0.11,123.75,1294.06,990.0,304.05999999999995,USA,North America,B2B
634,2020-02-05,144,39,11,36.96,0.23,29.41,313.0512,323.51,-10.458799999999997,Germany,Europe,B2C
635,2020-07-09,117,46,1,130.35,0.09,100.97,118.6185,100.97,17.6485,China,Asia,B2B
636,2021-08-25,69,29,13,162.92,0.09,134.58,1927.3436000000002,1749.5400000000002,177.80359999999996,China,Asia,B2B
637,2021-03-29,99,62,19,189.74,0.03,161.47,3496.9082000000003,3067.93,428.97820000000047,USA,North America,B2C
638,2022-04-08,140,93,3,70.78,0.13,57.28,184.7358,171.84,12.895800000000008,China,Asia,B2C
639,2021-05-13,25,62,17,146.37,0.22,112.51,1940.8662,1912.67,28.196199999999862,China,Asia,B2B
640,2021-09-19,180,57,5,110.07,0.28,56.43,396.2519999999999,282.15,114.10199999999992,USA,North America,B2B
641,2022-01-25,123,16,8,16.82,0.18,12.01,110.3392,96.08,14.259200000000007,China,Asia,B2B
642,2022-08-27,53,56,14,139.55,0.26,71.88,1445.7380000000003,1006.3199999999999,439.41800000000035,Brazil,South America,B2B
643,2022-12-23,151,10,4,139.57,0.25,114.9,418.71,459.6,-40.89000000000004,Brazil,South America,B2B
644,2021-12-05,144,30,11,186.47,0.05,117.16,1948.6115,1288.76,659.8515,Brazil,South America,B2B
645,2022-05-21,57,25,15,101.98,0.15,73.93,1300.2450000000001,1108.95,191.29500000000007,Brazil,South America,B2B
646,2021-11-08,39,84,19,49.9,0.04,30.53,910.176,580.07,330.106,China,Asia,B2C
647,2021-12-21,109,5,7,13.69,0.2,11.13,76.664,77.91000000000001,-1.2460000000000093,Germany,Europe,B2C
648,2022-07-18,181,65,19,86.05,0.28,73.54,1177.164,1397.2600000000002,-220.09600000000023,Brazil,South America,B2B
649,2021-07-08,42,94,19,63.87,0.04,42.12,1164.9887999999999,800.28,364.7087999999999,Brazil,South America,B2C
650,2021-09-19,186,49,11,153.41,0.22,129.66,1316.2578,1426.26,-110.0021999999999,China,Asia,B2B
651,2021-05-29,167,3,5,74.08,0.19,44.95,300.024,224.75,75.274,India,Asia,B2C
652,2021-04-17,142,45,5,190.07,0.18,135.68,779.287,678.4000000000001,100.88699999999994,China,Asia,B2B
653,2020-09-04,122,14,8,192.65,0.12,162.5,1356.256,1300.0,56.256000000000085,USA,North America,B2B
654,2021-01-29,133,30,10,126.08,0.11,79.47,1122.112,794.7,327.41200000000003,Brazil,South America,B2B
655,2021-10-08,163,68,6,186.09,0.01,164.06,1105.3745999999999,984.36,121.01459999999986,USA,North America,B2B
656,2020-09-01,75,18,15,153.37,0.07,84.16,2139.5115,1262.3999999999999,877.1115000000002,Brazil,South America,B2B
657,2021-01-14,146,62,16,111.64,0.0,56.64,1786.24,906.24,880.0,India,Asia,B2C
658,2021-01-27,76,37,17,40.16,0.17,34.6,566.6575999999999,588.2,-21.542400000000157,Germany,Europe,B2C
659,2021-03-19,9,25,8,94.43,0.03,49.81,732.7768,398.48,334.29679999999996,India,Asia,B2B
660,2022-09-18,74,48,8,114.37,0.26,102.56,677.0704000000001,820.48,-143.40959999999995,China,Asia,B2B
661,2021-07-20,186,65,9,173.47,0.16,152.75,1311.4332,1374.75,-63.31680000000006,China,Asia,B2B
662,2022-12-10,145,53,2,98.86,0.21,54.85,156.1988,109.7,46.4988,USA,North America,B2C
663,2021-08-02,7,79,15,180.05,0.12,128.74,2376.66,1931.1000000000001,445.5599999999997,USA,North America,B2C
664,2020-07-24,174,73,18,136.5,0.17,78.35,2039.31,1410.3,629.01,China,Asia,B2C
665,2021-02-01,141,15,3,31.71,0.28,21.29,68.4936,63.87,4.623600000000003,China,Asia,B2C
666,2021-08-29,168,49,17,199.02,0.02,104.4,3315.6732,1774.8000000000002,1540.8732,China,Asia,B2B
667,2021-04-10,170,88,4,107.81,0.08,63.56,396.74080000000004,254.24,142.50080000000003,Brazil,South America,B2B
668,2022-01-09,137,68,4,81.41,0.23,52.53,250.7428,210.12,40.622799999999984,India,Asia,B2B
669,2021-01-02,178,12,14,133.53,0.03,90.19,1813.3374000000001,1262.6599999999999,550.6774000000003,Brazil,South America,B2C
670,2021-09-11,27,59,9,26.23,0.02,23.37,231.34859999999998,210.33,21.018599999999964,Germany,Europe,B2B
671,2020-01-29,122,37,9,129.13,0.11,106.29,1034.3313,956.61,77.72130000000004,Brazil,South America,B2B
672,2022-12-29,194,61,18,102.16,0.03,81.21,1783.7135999999998,1461.78,321.93359999999984,China,Asia,B2C
673,2020-09-16,5,43,10,84.3,0.18,60.26,691.2600000000001,602.6,88.66000000000008,Brazil,South America,B2B
674,2021-07-15,29,70,4,190.84,0.07,159.54,709.9248,638.16,71.76480000000004,USA,North America,B2B
675,2020-04-03,165,39,12,106.9,0.27,67.96,936.4440000000001,815.52,120.92400000000009,China,Asia,B2C
676,2020-04-21,166,56,8,47.73,0.24,37.4,290.1984,299.2,-9.001599999999996,India,Asia,B2B
677,2021-08-21,83,63,2,94.5,0.21,84.82,149.31,169.64,-20.329999999999984,Brazil,South America,B2B
678,2020-09-15,136,46,13,184.28,0.19,115.33,1940.4684,1499.29,441.1784,China,Asia,B2C
679,2022-10-02,109,88,16,39.34,0.26,30.28,465.78560000000004,484.48,-18.694399999999973,USA,North America,B2C
680,2020-07-29,65,11,2,46.72,0.07,39.14,86.8992,78.28,8.619199999999992,USA,North America,B2C
681,2020-01-26,86,62,11,7.54,0.26,6.53,61.3756,71.83,-10.4544,Brazil,South America,B2B
682,2021-08-05,145,77,10,7.77,0.24,6.12,59.05199999999999,61.2,-2.1480000000000103,China,Asia,B2B
683,2022-08-19,71,98,15,166.73,0.22,102.28,1950.741,1534.2,416.54099999999994,India,Asia,B2C
684,2022-09-07,45,25,17,147.76,0.17,93.16,2084.8936,1583.72,501.17359999999985,Germany,Europe,B2B
685,2022-06-21,132,71,8,74.23,0.07,37.73,552.2712,301.84,250.43120000000005,USA,North America,B2B
686,2021-11-28,36,52,18,141.17,0.13,113.55,2210.7222,2043.8999999999999,166.8222000000003,Germany,Europe,B2C
687,2021-01-12,70,4,9,82.07,0.24,42.44,561.3587999999999,381.96,179.39879999999988,India,Asia,B2B
688,2020-04-15,159,59,8,190.81,0.01,161.4,1511.2152,1291.2,220.01520000000005,Brazil,South America,B2B
689,2021-06-01,19,72,14,193.58,0.23,105.98,2086.7924000000003,1483.72,603.0724000000002,USA,North America,B2B
690,2022-09-05,189,20,18,81.59,0.07,46.4,1365.8166,835.1999999999999,530.6166000000002,Germany,Europe,B2B
691,2020-08-21,108,93,12,171.57,0.04,118.49,1976.4864,1421.8799999999999,554.6064000000001,USA,North America,B2B
692,2020-05-13,182,63,19,155.75,0.03,123.84,2870.4725,2352.96,517.5124999999998,Germany,Europe,B2B
693,2022-03-31,167,54,14,65.45,0.01,36.36,907.1370000000001,509.03999999999996,398.0970000000001,China,Asia,B2C
694,2022-10-04,91,74,17,50.25,0.16,33.97,717.5699999999999,577.49,140.07999999999993,China,Asia,B2C
695,2020-05-31,90,98,3,94.36,0.07,65.4,263.26439999999997,196.20000000000002,67.06439999999995,Brazil,South America,B2B
696,2020-04-19,19,57,7,157.36,0.3,92.04,771.064,644.2800000000001,126.78399999999988,India,Asia,B2B
697,2020-11-06,39,90,17,192.23,0.17,105.0,2712.3653,1785.0,927.3652999999999,USA,North America,B2B
698,2020-11-01,126,41,12,153.9,0.04,128.44,1772.928,1541.28,231.64800000000014,India,Asia,B2B
699,2021-09-14,195,3,9,171.77,0.21,120.41,1221.2847000000002,1083.69,137.5947000000001,Germany,Europe,B2C
700,2020-06-23,173,6,15,122.6,0.27,62.01,1342.47,930.15,412.32000000000005,Brazil,South America,B2C
701,2021-05-23,141,5,18,167.9,0.22,137.88,2357.3160000000003,2481.84,-124.52399999999989,China,Asia,B2C
702,2020-08-30,126,5,13,157.96,0.02,140.95,2012.4104,1832.35,180.06040000000007,China,Asia,B2B
703,2022-05-02,58,54,8,78.51,0.27,58.28,458.4984,466.24,-7.741600000000005,Brazil,South America,B2B
704,2021-04-07,148,47,14,112.64,0.24,79.02,1198.4896,1106.28,92.20960000000014,USA,North America,B2B
705,2022-12-06,200,87,8,161.93,0.05,137.86,1230.668,1102.88,127.78799999999978,India,Asia,B2B
706,2022-02-18,61,49,14,13.98,0.02,12.32,191.8056,172.48000000000002,19.32559999999998,Germany,Europe,B2C
707,2022-07-11,127,9,7,162.58,0.17,130.36,944.5898000000001,912.5200000000001,32.06979999999999,India,Asia,B2C
708,2022-06-25,105,99,12,39.69,0.05,26.92,452.46599999999995,323.04,129.42599999999993,China,Asia,B2B
709,2021-08-31,167,20,11,105.36,0.25,77.64,869.22,854.04,15.180000000000064,Brazil,South America,B2C
710,2022-05-28,1,61,11,162.61,0.11,126.9,1591.9519,1395.9,196.05189999999993,China,Asia,B2B
711,2021-09-17,131,35,13,54.5,0.27,31.49,517.205,409.37,107.83500000000004,China,Asia,B2B
712,2020-05-03,92,50,18,52.93,0.17,35.93,790.7742,646.74,144.03419999999994,Germany,Europe,B2B
713,2020-07-22,190,82,2,83.54,0.05,69.5,158.726,139.0,19.726,USA,North America,B2B
714,2021-03-01,191,62,15,179.46,0.04,136.73,2584.224,2050.95,533.2740000000003,USA,North America,B2B
715,2021-03-08,113,17,18,5.09,0.17,3.38,76.0446,60.839999999999996,15.204600000000006,Germany,Europe,B2C
716,2021-06-25,153,88,15,180.77,0.23,138.35,2087.8935,2075.25,12.643500000000131,Brazil,South America,B2C
717,2020-06-15,56,3,19,34.99,0.23,19.15,511.9037000000001,363.84999999999997,148.0537000000001,India,Asia,B2B
718,2020-11-17,161,32,12,198.07,0.08,130.84,2186.6928000000003,1570.08,616.6128000000003,Brazil,South America,B2B
719,2021-05-06,166,99,13,191.2,0.06,156.26,2336.464,2031.3799999999999,305.08400000000006,India,Asia,B2C
720,2020-12-21,117,13,11,101.46,0.01,59.68,1104.8994,656.48,448.4194,USA,North America,B2C
721,2020-06-02,134,89,5,104.98,0.2,60.3,419.92,301.5,118.42000000000002,China,Asia,B2C
722,2020-11-16,58,73,1,98.9,0.02,87.06,96.922,87.06,9.861999999999995,China,Asia,B2B
723,2020-01-06,44,68,3,128.91,0.13,75.28,336.4551,225.84,110.61510000000001,Brazil,South America,B2C
724,2022-04-16,173,14,19,22.69,0.18,13.71,353.51020000000005,260.49,93.02020000000005,Germany,Europe,B2B
725,2022-07-11,160,98,7,11.36,0.28,10.09,57.2544,70.63,-13.375599999999999,India,Asia,B2C
726,2022-08-20,173,11,12,16.25,0.09,12.9,177.45000000000002,154.8,22.650000000000006,China,Asia,B2B
727,2021-08-19,61,56,15,91.65,0.07,71.47,1278.5175,1072.05,206.46749999999997,Brazil,South America,B2C
728,2020-03-07,47,67,5,58.73,0.2,49.4,234.92,247.0,-12.080000000000013,Germany,Europe,B2B
729,2021-04-19,149,92,15,126.3,0.19,69.0,1534.545,1035.0,499.5450000000001,USA,North America,B2B
730,2021-08-13,80,29,8,198.53,0.1,155.33,1429.416,1242.64,186.77599999999984,Germany,Europe,B2B
731,2021-08-02,118,9,10,80.33,0.28,56.35,578.376,563.5,14.875999999999976,USA,North America,B2B
732,2022-07-18,164,67,16,116.9,0.25,97.22,1402.8000000000002,1555.52,-152.7199999999998,Brazil,South America,B2C
733,2020-05-25,147,25,8,86.04,0.07,60.51,640.1376,484.08,156.05760000000004,Germany,Europe,B2C
734,2021-04-23,20,98,1,170.22,0.07,127.34,158.3046,127.34,30.96459999999999,Brazil,South America,B2C
735,2021-06-25,185,76,12,180.94,0.15,125.05,1845.5879999999997,1500.6,344.98799999999983,USA,North America,B2B
736,2021-02-09,146,42,5,176.08,0.23,121.72,677.9080000000001,608.6,69.3080000000001,China,Asia,B2C
737,2022-05-20,47,9,3,195.0,0.01,157.4,579.15,472.20000000000005,106.94999999999993,China,Asia,B2C
738,2020-08-23,49,79,1,10.37,0.21,7.79,8.1923,7.79,0.40229999999999944,USA,North America,B2B
739,2021-04-05,14,40,4,168.76,0.19,127.13,546.7824,508.52,38.26240000000007,India,Asia,B2B
740,2020-11-01,143,25,8,151.6,0.07,103.11,1127.9039999999998,824.88,303.0239999999998,India,Asia,B2C
741,2021-06-28,159,5,3,49.6,0.2,35.34,119.04000000000002,106.02000000000001,13.02000000000001,China,Asia,B2C
742,2020-10-18,1,11,10,191.48,0.28,152.86,1378.656,1528.6000000000001,-149.9440000000002,China,Asia,B2C
743,2020-05-26,117,59,2,33.89,0.01,28.14,67.1022,56.28,10.822199999999995,Germany,Europe,B2B
744,2020-05-02,54,98,11,137.51,0.1,107.07,1361.349,1177.77,183.57899999999995,Germany,Europe,B2B
745,2020-12-05,118,88,10,48.85,0.13,42.48,424.995,424.79999999999995,0.19500000000005002,China,Asia,B2B
746,2021-09-21,3,79,14,89.12,0.27,73.8,910.8064,1033.2,-122.39359999999999,India,Asia,B2C
747,2021-08-14,144,38,7,145.24,0.29,105.26,721.8428,736.82,-14.977200000000039,Germany,Europe,B2C
748,2022-06-18,185,72,2,114.85,0.13,88.27,199.839,176.54,23.299000000000007,USA,North America,B2B
749,2020-09-11,12,5,9,88.36,0.23,76.92,612.3348,692.28,-79.9452,Germany,Europe,B2C
750,2022-08-17,74,48,16,68.64,0.16,51.32,922.5215999999999,821.12,101.40159999999992,Germany,Europe,B2B
751,2021-09-14,16,90,13,168.73,0.16,140.03,1842.5315999999998,1820.39,22.1415999999997,Germany,Europe,B2C
752,2022-04-04,200,18,9,33.04,0.08,25.62,273.57120000000003,230.58,42.99120000000002,Brazil,South America,B2B
753,2021-07-11,102,70,4,88.87,0.07,64.06,330.5964,256.24,74.35640000000001,USA,North America,B2B
754,2022-10-21,152,37,10,181.23,0.09,108.15,1649.193,1081.5,567.693,China,Asia,B2B
755,2022-10-08,156,60,12,169.94,0.17,113.93,1692.6024,1367.16,325.4423999999999,India,Asia,B2B
756,2022-06-15,117,48,17,83.18,0.01,73.79,1399.9194000000002,1254.43,145.48940000000016,India,Asia,B2B
757,2020-06-13,8,77,14,153.81,0.27,117.37,1571.9382,1643.18,-71.24180000000001,China,Asia,B2B
758,2020-03-22,122,28,14,165.52,0.05,120.13,2201.416,1681.82,519.5960000000002,Brazil,South America,B2B
759,2022-06-03,92,69,2,178.33,0.07,155.71,331.6938,311.42,20.273799999999994,India,Asia,B2C
760,2021-10-22,164,77,11,111.18,0.16,81.67,1027.3032,898.37,128.93320000000006,Germany,Europe,B2B
761,2021-05-27,90,81,16,44.87,0.21,31.88,567.1568,510.08,57.07679999999999,India,Asia,B2B
762,2020-02-22,136,40,19,54.79,0.03,44.04,1009.7796999999999,836.76,173.01969999999994,USA,North America,B2B
763,2020-07-06,186,45,6,62.66,0.1,49.19,338.364,295.14,43.22399999999999,USA,North America,B2C
764,2021-04-13,60,96,19,120.79,0.29,69.73,1629.4571,1324.8700000000001,304.58709999999996,China,Asia,B2B
765,2020-02-12,178,62,5,11.4,0.08,7.85,52.440000000000005,39.25,13.190000000000005,Brazil,South America,B2C
766,2021-07-05,28,93,4,129.03,0.09,88.9,469.66920000000005,355.6,114.06920000000002,Brazil,South America,B2C
767,2020-03-23,101,58,15,76.05,0.25,49.53,855.5625,742.95,112.61249999999995,India,Asia,B2B
768,2020-12-24,41,67,4,62.57,0.02,44.23,245.27439999999999,176.92,68.3544,Brazil,South America,B2B
769,2022-08-21,192,56,10,176.5,0.14,117.42,1517.8999999999999,1174.2,343.6999999999998,Brazil,South America,B2B
770,2022-11-28,155,40,3,94.7,0.11,54.9,252.84900000000002,164.7,88.14900000000003,India,Asia,B2B
771,2022-06-24,191,98,5,23.54,0.09,15.65,107.107,78.25,28.857,USA,North America,B2C
772,2021-07-23,145,40,6,166.22,0.09,87.92,907.5612,527.52,380.0412,Germany,Europe,B2C
773,2021-01-06,161,91,8,14.29,0.03,10.44,110.89039999999999,83.52,27.37039999999999,China,Asia,B2B
774,2022-06-11,157,77,7,146.72,0.09,123.46,934.6064,864.2199999999999,70.3864000000001,USA,North America,B2B
775,2022-10-04,141,33,10,155.91,0.01,123.19,1543.5089999999998,1231.9,311.6089999999997,Brazil,South America,B2C
776,2020-07-05,46,6,6,73.76,0.23,47.51,340.7712000000001,285.06,55.711200000000076,Brazil,South America,B2C
777,2022-08-20,35,88,14,165.83,0.12,88.69,2043.0256000000004,1241.6599999999999,801.3656000000005,India,Asia,B2B
778,2021-12-13,134,19,4,105.55,0.13,61.31,367.31399999999996,245.24,122.07399999999996,China,Asia,B2B
779,2022-04-16,82,80,13,95.34,0.27,68.47,904.7766,890.11,14.666600000000017,Germany,Europe,B2B
780,2021-11-13,115,40,17,13.85,0.2,8.07,188.36,137.19,51.170000000000016,India,Asia,B2C
781,2021-10-19,197,92,7,61.56,0.0,44.17,430.92,309.19,121.73000000000002,India,Asia,B2B
782,2020-08-02,47,97,4,186.55,0.28,110.56,537.264,442.24,95.024,Germany,Europe,B2B
783,2020-11-25,153,59,14,81.41,0.07,68.35,1059.9582,956.8999999999999,103.05820000000017,Germany,Europe,B2C
784,2021-11-06,194,59,3,111.61,0.03,73.54,324.7851,220.62,104.1651,Brazil,South America,B2C
785,2022-04-23,10,48,5,108.74,0.23,65.05,418.64899999999994,325.25,93.39899999999994,India,Asia,B2C
786,2022-10-11,56,41,16,120.13,0.15,99.1,1633.7679999999998,1585.6,48.16799999999989,USA,North America,B2B
787,2021-08-13,30,13,4,16.96,0.13,10.81,59.0208,43.24,15.7808,USA,North America,B2B
788,2022-03-31,109,45,2,75.62,0.07,41.18,140.6532,82.36,58.2932,India,Asia,B2C
789,2020-03-16,5,89,18,146.01,0.16,106.32,2207.6711999999998,1913.7599999999998,293.9112,Germany,Europe,B2B
790,2022-07-20,119,53,19,44.11,0.08,32.32,771.0428,614.08,156.96280000000002,China,Asia,B2B
791,2020-06-29,33,42,19,44.7,0.27,35.13,619.989,667.47,-47.480999999999995,Germany,Europe,B2B
792,2021-10-06,118,100,17,6.97,0.06,4.15,111.38059999999999,70.55000000000001,40.830599999999976,Germany,Europe,B2B
793,2021-05-31,65,63,14,90.31,0.27,61.19,922.9682000000001,856.66,66.30820000000017,China,Asia,B2B
794,2021-10-24,146,27,19,177.13,0.17,108.57,2793.3401,2062.83,730.5101,Germany,Europe,B2C
795,2020-08-25,177,38,13,15.12,0.25,8.05,147.42000000000002,104.65,42.77000000000001,China,Asia,B2C
796,2022-04-07,11,60,12,42.27,0.21,35.96,400.7196,431.52,-30.800399999999968,India,Asia,B2C
797,2022-11-19,85,7,6,65.47,0.21,51.82,310.3278,310.92,-0.5921999999999912,China,Asia,B2B
798,2020-01-03,26,5,4,147.69,0.1,91.65,531.684,366.6,165.08399999999995,USA,North America,B2B
799,2022-08-04,63,45,19,129.92,0.07,96.11,2295.6863999999996,1826.09,469.5963999999997,China,Asia,B2B
800,2022-04-26,86,58,16,86.11,0.06,49.99,1295.0944,799.84,495.2543999999999,Germany,Europe,B2C
801,2020-04-21,59,31,13,153.02,0.26,131.0,1472.0524,1703.0,-230.94759999999997,India,Asia,B2B
802,2021-01-19,27,23,4,123.88,0.25,67.63,371.64,270.52,101.12,China,Asia,B2C
803,2022-11-27,177,42,17,179.73,0.13,90.14,2658.2066999999997,1532.38,1125.8266999999996,Germany,Europe,B2C
804,2022-01-10,161,10,1,164.52,0.04,115.3,157.9392,115.3,42.6392,China,Asia,B2B
805,2022-10-17,98,32,18,54.3,0.11,39.82,869.886,716.76,153.12599999999998,India,Asia,B2B
806,2022-06-24,105,53,17,57.93,0.19,42.38,797.6961,720.46,77.23609999999996,India,Asia,B2C
807,2020-04-15,99,30,15,29.44,0.14,15.36,379.776,230.39999999999998,149.37600000000003,USA,North America,B2C
808,2021-02-20,129,39,11,70.71,0.23,44.24,598.9137,486.64000000000004,112.2736999999999,India,Asia,B2B
809,2021-06-30,149,31,13,199.91,0.3,139.87,1819.1809999999998,1818.31,0.8709999999998672,Germany,Europe,B2B
810,2020-09-25,55,82,1,84.12,0.06,49.35,79.0728,49.35,29.7228,India,Asia,B2C
811,2021-08-12,6,100,17,48.0,0.14,40.75,701.76,692.75,9.009999999999991,India,Asia,B2B
812,2022-06-16,197,2,6,153.68,0.13,82.19,802.2096,493.14,309.06960000000004,Germany,Europe,B2B
813,2022-09-19,95,78,4,110.78,0.09,76.99,403.23920000000004,307.96,95.27920000000006,Germany,Europe,B2B
814,2020-09-05,133,77,16,34.17,0.06,26.54,513.9168,424.64,89.27679999999998,India,Asia,B2B
815,2020-02-29,102,93,15,79.23,0.02,47.91,1164.681,718.65,446.03100000000006,India,Asia,B2B
816,2021-05-05,3,12,15,85.82,0.27,64.34,939.7289999999999,965.1,-25.371000000000095,China,Asia,B2B
817,2020-11-20,181,39,6,152.0,0.13,126.43,793.4399999999999,758.58,34.8599999999999,India,Asia,B2B
818,2021-09-28,23,66,15,9.03,0.15,5.2,115.1325,78.0,37.13249999999999,USA,North America,B2B
819,2020-01-29,53,96,14,57.46,0.28,49.81,579.1968,697.34,-118.14319999999998,USA,North America,B2C
820,2022-04-15,165,13,11,105.93,0.23,76.42,897.2271000000001,840.62,56.60710000000006,USA,North America,B2C
821,2020-07-09,83,46,7,57.43,0.04,35.59,385.9296,249.13000000000002,136.79959999999997,USA,North America,B2C
822,2021-04-05,145,27,9,127.54,0.17,85.75,952.7238000000001,771.75,180.9738000000001,India,Asia,B2C
823,2020-08-20,85,17,16,98.96,0.13,61.84,1377.5231999999999,989.44,388.0831999999998,China,Asia,B2B
824,2022-08-03,78,95,5,75.53,0.24,59.67,287.014,298.35,-11.336000000000013,Germany,Europe,B2B
825,2020-08-28,110,98,10,190.1,0.22,155.6,1482.78,1556.0,-73.22000000000003,India,Asia,B2C
826,2020-11-11,1,60,18,128.27,0.21,106.87,1823.9994000000002,1923.66,-99.66059999999993,Brazil,South America,B2B
827,2022-10-17,51,64,3,30.34,0.1,27.13,81.91799999999999,81.39,0.5279999999999916,India,Asia,B2B
828,2021-08-20,173,88,13,114.22,0.24,93.26,1128.4936,1212.38,-83.8864000000001,USA,North America,B2C
829,2022-11-08,4,35,11,157.24,0.02,116.44,1695.0472,1280.84,414.20720000000006,Brazil,South America,B2B
830,2021-07-13,190,70,17,143.16,0.05,91.01,2312.0339999999997,1547.17,764.8639999999996,India,Asia,B2B
831,2022-04-30,193,83,13,38.56,0.1,27.68,451.15200000000004,359.84,91.31200000000007,China,Asia,B2C
832,2022-09-15,113,30,6,194.62,0.02,100.51,1144.3656,603.0600000000001,541.3056,China,Asia,B2C
833,2022-08-25,32,71,17,92.52,0.07,73.82,1462.7412,1254.9399999999998,207.8012000000001,Brazil,South America,B2B
834,2021-05-14,34,74,13,36.01,0.25,24.43,351.09749999999997,317.59,33.50749999999999,Germany,Europe,B2C
835,2022-07-24,92,96,19,40.14,0.28,20.39,549.1152,387.41,161.70519999999993,Brazil,South America,B2C
836,2020-10-23,95,98,19,24.16,0.09,12.68,417.7264,240.92,176.80640000000002,China,Asia,B2C
837,2022-02-24,72,63,10,161.69,0.08,105.9,1487.5480000000002,1059.0,428.54800000000023,Brazil,South America,B2B
838,2021-01-25,39,28,3,28.8,0.08,21.12,79.48800000000001,63.36,16.128000000000014,USA,North America,B2B
839,2022-11-06,154,60,14,29.4,0.08,20.16,378.67199999999997,282.24,96.43199999999996,USA,North America,B2C
840,2020-10-06,162,79,19,170.84,0.01,127.73,3213.5004,2426.87,786.6304,Germany,Europe,B2C
841,2020-05-22,182,94,5,72.2,0.28,49.97,259.92,249.85,10.070000000000022,Brazil,South America,B2C
842,2021-07-19,118,37,5,11.02,0.06,8.43,51.79399999999999,42.15,9.643999999999991,Brazil,South America,B2B
843,2022-04-29,3,93,17,15.12,0.13,8.89,223.62479999999996,151.13,72.49479999999997,Brazil,South America,B2B
844,2021-11-27,123,22,10,32.72,0.0,17.84,327.2,178.4,148.79999999999998,Brazil,South America,B2C
845,2022-11-05,50,68,5,46.61,0.26,34.42,172.457,172.10000000000002,0.3569999999999709,Germany,Europe,B2B
846,2021-07-01,12,20,4,134.7,0.22,93.47,420.26399999999995,373.88,46.38399999999996,China,Asia,B2B
847,2020-01-06,193,96,6,35.68,0.28,18.22,154.1376,109.32,44.8176,India,Asia,B2B
848,2021-08-02,54,100,4,28.18,0.23,18.38,86.7944,73.52,13.2744,Germany,Europe,B2B
849,2021-09-03,133,68,7,154.12,0.09,83.6,981.7444000000002,585.1999999999999,396.5444000000002,China,Asia,B2C
850,2022-09-29,57,91,7,135.86,0.07,96.81,884.4486,677.6700000000001,206.77859999999998,China,Asia,B2C
851,2020-10-31,145,64,18,89.89,0.21,59.18,1278.2358000000002,1065.24,212.99580000000014,China,Asia,B2B
852,2022-07-03,112,17,3,112.12,0.11,83.56,299.3604,250.68,48.68040000000002,Brazil,South America,B2B
853,2022-09-18,47,12,1,65.84,0.17,54.14,54.6472,54.14,0.5071999999999974,Germany,Europe,B2C
854,2021-12-07,151,22,4,99.09,0.0,61.42,396.36,245.68,150.68,China,Asia,B2B
855,2021-11-11,85,17,6,103.8,0.02,91.85,610.3439999999999,551.0999999999999,59.24400000000003,India,Asia,B2B
856,2022-02-11,142,10,9,80.51,0.16,57.5,608.6556,517.5,91.15560000000005,India,Asia,B2C
857,2022-07-21,66,65,14,181.78,0.17,135.85,2112.2835999999998,1901.8999999999999,210.3835999999999,USA,North America,B2B
858,2021-10-21,75,22,12,8.13,0.23,6.28,75.1212,75.36,-0.23879999999999768,China,Asia,B2C
859,2021-01-21,179,90,4,157.52,0.04,120.77,604.8768,483.08,121.79680000000002,Germany,Europe,B2B
860,2021-05-04,103,82,12,29.25,0.15,20.6,298.34999999999997,247.20000000000002,51.14999999999995,Brazil,South America,B2B
861,2022-02-23,166,50,10,160.52,0.06,107.79,1508.888,1077.9,430.98799999999983,USA,North America,B2B
862,2021-04-23,192,14,7,125.1,0.03,65.24,849.4289999999999,456.67999999999995,392.7489999999999,China,Asia,B2C
863,2022-04-21,38,64,3,169.44,0.12,86.22,447.3216,258.65999999999997,188.66160000000002,Brazil,South America,B2B
864,2020-03-30,50,47,14,24.02,0.05,15.45,319.46599999999995,216.29999999999998,103.16599999999997,Germany,Europe,B2B
865,2021-10-13,98,29,10,114.0,0.07,72.21,1060.1999999999998,722.0999999999999,338.0999999999999,Germany,Europe,B2C
866,2022-08-26,82,76,16,102.71,0.1,67.28,1479.024,1076.48,402.54399999999987,USA,North America,B2B
867,2022-02-19,30,36,16,142.71,0.08,79.25,2100.6912,1268.0,832.6912000000002,USA,North America,B2B
868,2022-03-01,79,99,10,109.19,0.03,86.84,1059.143,868.4000000000001,190.74299999999994,China,Asia,B2B
869,2020-11-07,91,52,13,110.44,0.03,93.08,1392.6484,1210.04,182.60840000000007,Brazil,South America,B2C
870,2022-10-11,179,76,6,88.77,0.06,77.72,500.6628,466.32,34.34280000000001,India,Asia,B2B
871,2020-03-16,191,7,12,65.22,0.02,45.45,766.9871999999999,545.4000000000001,221.58719999999983,Brazil,South America,B2B
872,2020-09-15,52,29,9,99.04,0.19,77.29,722.0016,695.61,26.39160000000004,Germany,Europe,B2B
873,2022-10-25,166,11,13,28.11,0.09,23.67,332.54130000000004,307.71000000000004,24.8313,Germany,Europe,B2B
874,2021-11-10,79,33,4,192.5,0.08,128.46,708.4,513.84,194.55999999999995,China,Asia,B2C
875,2020-07-24,30,6,11,144.31,0.1,90.02,1428.669,990.2199999999999,438.4490000000002,India,Asia,B2C
876,2022-06-20,106,79,18,190.73,0.2,166.83,2746.512,3002.94,-256.4279999999999,China,Asia,B2C
877,2020-07-23,51,32,11,49.21,0.26,34.76,400.56940000000003,382.35999999999996,18.209400000000073,Germany,Europe,B2C
878,2022-12-13,81,51,4,176.47,0.23,123.34,543.5276,493.36,50.16759999999999,Germany,Europe,B2C
879,2022-07-24,133,75,18,162.71,0.22,92.97,2284.4484,1673.46,610.9884000000002,Brazil,South America,B2B
880,2020-02-01,29,58,1,137.04,0.15,74.45,116.484,74.45,42.03399999999999,India,Asia,B2C
881,2020-10-22,132,87,7,126.88,0.21,106.18,701.6464,743.26,-41.61360000000002,Brazil,South America,B2B
882,2022-04-19,138,26,6,66.73,0.17,49.76,332.31539999999995,298.56,33.75539999999995,Brazil,South America,B2B
883,2020-11-12,184,98,15,164.2,0.06,103.5,2315.22,1552.5,762.7199999999998,China,Asia,B2C
884,2020-06-02,145,46,18,102.8,0.06,59.28,1739.3759999999997,1067.04,672.3359999999998,Brazil,South America,B2B
885,2022-08-19,74,98,11,18.82,0.09,13.59,188.3882,149.49,38.8982,USA,North America,B2C
886,2021-06-26,17,29,15,66.01,0.27,48.42,722.8095000000001,726.3000000000001,-3.4904999999999973,USA,North America,B2B
887,2021-11-24,84,4,16,187.38,0.16,109.2,2518.3871999999997,1747.2,771.1871999999996,Brazil,South America,B2C
888,2022-03-25,69,81,7,170.88,0.22,143.64,933.0047999999999,1005.4799999999999,-72.47519999999997,India,Asia,B2B
889,2020-06-13,34,99,10,196.47,0.1,104.86,1768.23,1048.6,719.6300000000001,Brazil,South America,B2C
890,2021-11-03,6,13,12,127.46,0.12,81.89,1345.9776,982.6800000000001,363.2975999999999,Germany,Europe,B2C
891,2022-12-28,53,39,14,53.26,0.04,41.12,715.8144,575.68,140.13440000000003,Germany,Europe,B2B
892,2022-02-17,194,15,5,36.75,0.05,22.4,174.5625,112.0,62.5625,India,Asia,B2B
893,2021-10-10,126,29,18,41.45,0.25,34.45,559.575,620.1,-60.52499999999998,China,Asia,B2B
894,2022-09-26,43,29,5,8.86,0.18,7.05,36.326,35.25,1.0760000000000005,USA,North America,B2B
895,2020-03-14,115,75,3,81.18,0.1,66.21,219.18600000000004,198.63,20.55600000000004,USA,North America,B2C
896,2020-05-20,111,32,5,42.33,0.24,23.18,160.85399999999998,115.9,44.95399999999998,China,Asia,B2C
897,2021-04-25,151,2,17,85.27,0.07,47.43,1348.1186999999998,806.31,541.8086999999998,Brazil,South America,B2B
898,2021-08-11,183,47,19,187.32,0.29,115.12,2526.9467999999997,2187.28,339.6667999999995,India,Asia,B2C
899,2021-04-10,80,78,19,88.96,0.1,62.92,1521.216,1195.48,325.7359999999999,Brazil,South America,B2C
900,2020-07-04,95,84,12,176.21,0.1,140.83,1903.068,1689.96,213.10799999999995,China,Asia,B2B
901,2022-06-07,118,22,9,123.07,0.09,102.72,1007.9432999999999,924.48,83.46329999999989,India,Asia,B2C
902,2020-07-20,144,75,1,53.19,0.04,41.58,51.0624,41.58,9.482399999999998,USA,North America,B2C
903,2020-07-24,8,27,18,74.39,0.03,64.83,1298.8494,1166.94,131.9094,USA,North America,B2B
904,2022-06-27,132,67,4,21.36,0.19,16.99,69.2064,67.96,1.2464000000000084,Brazil,South America,B2B
905,2020-12-06,104,81,10,70.03,0.26,43.59,518.222,435.90000000000003,82.32199999999995,Germany,Europe,B2B
906,2021-09-05,132,56,7,137.12,0.24,83.1,729.4784000000001,581.6999999999999,147.77840000000015,China,Asia,B2C
907,2020-02-29,184,92,1,19.06,0.04,14.84,18.2976,14.84,3.4575999999999993,China,Asia,B2C
908,2020-04-04,25,93,17,45.05,0.16,26.0,643.3139999999999,442.0,201.31399999999985,Brazil,South America,B2C
909,2021-10-26,195,21,2,79.38,0.03,42.63,153.9972,85.26,68.73719999999999,China,Asia,B2B
910,2020-04-24,96,47,11,196.5,0.01,140.08,2139.8849999999998,1540.88,599.0049999999997,USA,North America,B2B
911,2021-08-23,195,80,9,158.05,0.2,130.97,1137.96,1178.73,-40.76999999999998,Brazil,South America,B2B
912,2022-01-04,155,59,7,148.03,0.16,80.02,870.4164,560.14,310.27639999999997,USA,North America,B2B
913,2022-02-06,93,84,17,27.66,0.02,22.59,460.8156,384.03,76.78560000000004,India,Asia,B2C
914,2022-06-01,160,6,17,157.29,0.01,129.71,2647.1906999999997,2205.07,442.1206999999995,India,Asia,B2C
915,2020-10-25,178,19,2,158.13,0.3,109.57,221.38199999999998,219.14,2.2419999999999902,Germany,Europe,B2C
916,2021-05-15,61,57,6,122.22,0.01,63.91,725.9867999999999,383.46,342.5267999999999,China,Asia,B2C
917,2022-12-23,122,69,14,198.12,0.13,112.9,2413.1016000000004,1580.6000000000001,832.5016000000003,India,Asia,B2B
918,2022-04-23,51,3,6,68.42,0.15,53.57,348.94199999999995,321.42,27.521999999999935,China,Asia,B2B
919,2021-01-03,147,1,2,188.55,0.04,147.96,362.016,295.92,66.096,USA,North America,B2B
920,2020-12-14,21,58,1,183.37,0.05,157.58,174.2015,157.58,16.621499999999997,Brazil,South America,B2C
921,2020-12-24,5,38,10,7.24,0.11,5.31,64.436,53.099999999999994,11.336000000000013,India,Asia,B2C
922,2020-06-10,92,15,5,92.77,0.23,50.99,357.1645,254.95000000000002,102.21449999999996,Brazil,South America,B2B
923,2022-02-22,170,34,2,195.54,0.15,107.27,332.41799999999995,214.54,117.87799999999996,India,Asia,B2B
924,2021-05-08,61,61,16,25.11,0.19,19.8,325.42560000000003,316.8,8.62560000000002,China,Asia,B2B
925,2022-10-16,22,35,2,111.82,0.3,64.13,156.54799999999997,128.26,28.287999999999982,India,Asia,B2B
926,2020-10-20,149,64,10,195.9,0.23,123.68,1508.43,1236.8000000000002,271.6299999999999,India,Asia,B2B
927,2021-04-20,70,25,2,113.32,0.13,78.74,197.1768,157.48,39.696799999999996,USA,North America,B2B
928,2022-08-02,1,24,16,42.01,0.13,21.42,584.7792,342.72,242.05919999999992,Germany,Europe,B2B
929,2021-06-04,133,12,16,118.53,0.19,71.06,1536.1488000000002,1136.96,399.1888000000001,USA,North America,B2C
930,2022-07-30,12,18,19,44.87,0.2,29.76,682.024,565.44,116.58399999999995,Brazil,South America,B2B
931,2021-06-06,90,15,7,106.34,0.15,65.06,632.723,455.42,177.30299999999994,China,Asia,B2B
932,2020-01-20,46,80,12,19.44,0.19,10.78,188.95680000000004,129.35999999999999,59.59680000000006,China,Asia,B2B
933,2022-08-10,34,27,15,123.07,0.01,97.37,1827.5895,1460.5500000000002,367.03949999999986,India,Asia,B2B
934,2021-08-12,177,72,8,105.77,0.13,87.29,736.1591999999999,698.32,37.83919999999989,China,Asia,B2B
935,2020-11-19,78,60,6,149.33,0.08,90.04,824.3016,540.24,284.0616,Germany,Europe,B2B
936,2020-05-31,45,46,10,127.99,0.04,103.64,1228.7039999999997,1036.4,192.30399999999963,Germany,Europe,B2B
937,2022-06-23,155,89,3,112.17,0.03,73.38,326.4147,220.14,106.2747,India,Asia,B2B
938,2021-12-08,73,17,19,139.51,0.18,98.03,2173.5658,1862.57,310.9957999999999,India,Asia,B2C
939,2021-09-04,26,93,17,33.07,0.16,27.86,472.23960000000005,473.62,-1.3803999999999519,Brazil,South America,B2B
940,2022-05-18,47,53,7,121.1,0.08,96.88,779.884,678.16,101.72400000000005,India,Asia,B2C
941,2021-05-27,121,8,4,38.56,0.14,31.7,132.6464,126.8,5.846400000000003,USA,North America,B2B
942,2022-07-24,56,79,14,185.48,0.15,102.89,2207.212,1440.46,766.752,USA,North America,B2B
943,2021-09-10,94,27,15,18.33,0.06,9.68,258.453,145.2,113.25299999999999,USA,North America,B2B
944,2021-02-11,107,46,8,88.92,0.2,76.24,569.0880000000001,609.92,-40.83199999999988,Germany,Europe,B2B
945,2022-02-26,63,50,15,140.68,0.23,92.16,1624.8540000000003,1382.3999999999999,242.4540000000004,China,Asia,B2C
946,2022-09-16,48,71,14,94.31,0.24,58.01,1003.4584000000001,812.14,191.3184000000001,Brazil,South America,B2C
947,2020-08-06,61,3,9,22.96,0.18,18.14,169.44480000000001,163.26,6.184800000000024,India,Asia,B2C
948,2021-04-30,81,93,8,112.91,0.15,94.23,767.788,753.84,13.947999999999979,Brazil,South America,B2C
949,2022-02-20,26,64,17,130.12,0.02,109.95,2167.7992,1869.15,298.64919999999984,Germany,Europe,B2C
950,2022-01-05,36,44,2,142.24,0.09,89.1,258.8768,178.2,80.67680000000001,India,Asia,B2B
951,2021-08-28,1,53,3,77.79,0.03,65.41,226.3689,196.23,30.138900000000007,India,Asia,B2B
952,2021-08-27,8,24,8,114.91,0.29,59.34,652.6887999999999,474.72,177.96879999999987,Germany,Europe,B2C
953,2020-02-14,113,60,12,92.88,0.04,48.29,1069.9776,579.48,490.4975999999999,China,Asia,B2C
954,2022-03-21,99,3,1,136.05,0.05,101.96,129.2475,101.96,27.28750000000001,India,Asia,B2B
955,2021-07-16,180,20,10,118.79,0.27,62.39,867.167,623.9,243.26700000000005,China,Asia,B2C
956,2020-01-17,47,46,3,107.52,0.28,67.72,232.2432,203.16,29.083200000000005,Germany,Europe,B2B
957,2020-04-10,127,15,6,53.66,0.23,41.27,247.9092,247.62,0.2891999999999939,Brazil,South America,B2B
958,2022-10-14,56,25,7,5.39,0.0,3.42,37.73,23.939999999999998,13.79,India,Asia,B2B
959,2021-08-09,14,94,18,38.95,0.0,22.27,701.1,400.86,300.24,China,Asia,B2C
960,2021-04-16,28,78,11,27.83,0.11,17.05,272.4557,187.55,84.90569999999997,India,Asia,B2C
961,2021-12-22,78,71,19,92.57,0.04,63.23,1688.4768,1201.37,487.1068,China,Asia,B2B
962,2021-03-24,130,17,5,124.39,0.01,85.85,615.7305,429.25,186.4805,India,Asia,B2B
963,2021-01-24,109,84,19,46.55,0.14,37.85,760.627,719.15,41.476999999999975,India,Asia,B2B
964,2021-05-28,154,100,11,188.12,0.28,150.51,1489.9104,1655.61,-165.69959999999992,India,Asia,B2C
965,2020-10-07,14,9,12,6.3,0.1,4.3,68.03999999999999,51.599999999999994,16.439999999999998,Brazil,South America,B2B
966,2020-07-17,187,38,10,155.6,0.2,130.43,1244.8000000000002,1304.3000000000002,-59.5,India,Asia,B2B
967,2020-03-21,56,48,8,126.91,0.2,69.25,812.224,554.0,258.22400000000005,China,Asia,B2B
968,2021-09-24,115,60,9,77.84,0.08,46.87,644.5152,421.83,222.68520000000007,Brazil,South America,B2B
969,2022-06-21,7,63,4,14.85,0.2,12.34,47.52,49.36,-1.8399999999999963,USA,North America,B2B
970,2020-03-09,3,86,5,127.36,0.06,82.94,598.5919999999999,414.7,183.89199999999988,China,Asia,B2C
971,2022-01-17,111,2,8,80.19,0.04,71.57,615.8592,572.56,43.29920000000004,China,Asia,B2B
972,2020-09-26,151,88,9,187.57,0.21,128.77,1333.6227,1158.93,174.69269999999983,USA,North America,B2C
973,2020-07-03,107,72,15,110.69,0.03,90.41,1610.5394999999999,1356.1499999999999,254.3895,Brazil,South America,B2B
974,2021-08-27,18,11,15,188.23,0.3,124.41,1976.4149999999997,1866.1499999999999,110.26499999999987,India,Asia,B2B
975,2021-10-31,38,64,16,47.99,0.06,32.15,721.7696,514.4,207.3696,China,Asia,B2B
976,2022-04-30,115,77,14,146.52,0.18,95.7,1682.0496000000003,1339.8,342.2496000000003,USA,North America,B2C
977,2020-12-25,15,81,8,125.36,0.12,98.74,882.5344,789.92,92.61440000000005,India,Asia,B2C
978,2021-02-15,192,72,18,149.18,0.04,107.26,2577.8304000000003,1930.68,647.1504000000002,Brazil,South America,B2C
979,2020-09-27,119,21,10,46.86,0.01,41.12,463.91400000000004,411.2,52.714000000000055,China,Asia,B2B
980,2022-01-19,28,18,6,134.67,0.19,80.85,654.4962,485.09999999999997,169.39620000000008,India,Asia,B2B
981,2022-12-23,39,94,12,102.12,0.24,55.17,931.3344000000001,662.04,269.2944000000001,India,Asia,B2C
982,2022-10-24,185,64,2,149.85,0.25,98.5,224.77499999999998,197.0,27.774999999999977,Germany,Europe,B2C
983,2021-07-12,17,82,7,68.77,0.14,51.35,413.99539999999996,359.45,54.54539999999997,USA,North America,B2B
984,2020-12-02,86,95,16,178.56,0.23,150.76,2199.8592,2412.16,-212.30079999999998,India,Asia,B2C
985,2021-06-10,126,38,3,21.44,0.2,13.69,51.45600000000001,41.07,10.38600000000001,Brazil,South America,B2B
986,2022-09-13,44,32,13,162.4,0.22,123.67,1646.7360000000003,1607.71,39.026000000000295,Germany,Europe,B2B
987,2021-08-27,25,11,3,172.96,0.15,110.71,441.048,332.13,108.918,India,Asia,B2B
988,2021-11-24,145,45,18,164.36,0.19,122.76,2396.3688000000006,2209.6800000000003,186.68880000000036,India,Asia,B2B
989,2020-08-23,13,89,11,104.98,0.24,89.64,877.6328,986.04,-108.40719999999999,Brazil,South America,B2B
990,2022-08-17,25,33,8,90.49,0.12,53.62,637.0495999999999,428.96,208.08959999999996,Germany,Europe,B2B
991,2020-06-03,68,41,6,199.27,0.24,131.86,908.6712000000001,791.1600000000001,117.51120000000003,Germany,Europe,B2B
992,2020-10-15,138,8,1,49.69,0.18,44.59,40.7458,44.59,-3.8442000000000007,USA,North America,B2B
993,2021-04-07,67,11,1,111.64,0.05,94.61,106.05799999999999,94.61,11.447999999999993,India,Asia,B2B
994,2022-03-24,109,86,8,135.78,0.01,98.56,1075.3776,788.48,286.8976,USA,North America,B2C
995,2022-01-19,146,51,5,141.67,0.11,100.11,630.4314999999999,500.55,129.8814999999999,Germany,Europe,B2B
996,2020-07-03,111,88,16,44.78,0.16,27.49,601.8432,439.84,162.00320000000005,USA,North America,B2B
997,2022-03-19,111,41,11,132.53,0.25,93.68,1093.3725,1030.48,62.89249999999993,Brazil,South America,B2B
998,2020-01-29,34,17,5,164.58,0.04,138.13,789.984,690.65,99.33400000000006,China,Asia,B2C
999,2021-06-25,111,76,4,14.75,0.24,11.42,44.84,45.68,-0.8399999999999963,Brazil,South America,B2B
1000,2020-09-10,8,46,6,182.75,0.26,112.58,811.41,675.48,135.92999999999995,Germany,Europe,B2B
